Workbook

Sheet CARTAS CONVITE
A1: STATUS | B1: Tempo Pendente | C1: TEMPO P/ FECHAMENTO | D1: Seq. | E1: DATA ENVIO COMPRAS | F1: Nº CARTA CONVITE | G1: PACOTES | H1: ÁREA | I1: RESPONSÁVEL | J1: TIPO DE MANUTENÇÃO | K1: COMPRADOR | L1: LISTA | M1: PRAZO FINALIZAR | N1: EQUALIZAÇÃO | O1: PROPOSTA TÉCNICA RESPONDIDA? | P1: PENDENTE | Q1: DATA DO PEDIDO | R1: NR. PEDIDO | S1: VALOR | T1: OBSERVAÇÕES | U1: PROPOSTAS RECEBIDAS | V1: FORNECEDOR A | W1: FORNECEDOR B | X1: FORNECEDOR C | Y1: FORNECEDOR D | Z1: FORNECEDOR E | AA1: FORNECEDOR F | AB1: FORNECEDOR G | AC1: OBS | AD1: EMPRESA NEGOCIADA | AE1: SC - Solicitação
A2: =IF(Tabela2[[#This Row],[DATA DO PEDIDO]]<>"", "Finalizado", IF(Tabela2[[#This Row],[DATA ENVIO COMPRAS]]="", "Aguardando Coordenador", IF(Tabela2[[#This Row],[EQUALIZAÇÃO]]="", "Aguardando Fornecedores", "Aguardando Pedido" ) ) ) -> Aguardando Fornecedores | B2: =IF(Tabela2[[#This Row],[DATA DO PEDIDO]]<>"","Finalizado",IF(Tabela2[[#This Row],[DATA ENVIO COMPRAS]]="","",_xlfn.DAYS(TODAY(),Tabela2[[#This Row],[DATA ENVIO COMPRAS]])&IF(_xlfn.DAYS(TODAY(),Tabela2[[#This Row],[DATA ENVIO COMPRAS]])>1," Dias"," Dia"))) -> 11 Dias | C2: =IF(Tabela2[[#This Row],[DATA DO PEDIDO]]<>"",Tabela2[[#This Row],[DATA DO PEDIDO]]-Tabela2[[#This Row],[DATA ENVIO COMPRAS]],"") | D2: =IF(D1="Seq.",1,D1+1) -> 1 | E2: 46151 | F2: 001-0/26 | G2: PENEIRA ROT. DECANTADOR | H2: TRATAMENTO DE CALDO | I2: Rodrigo Zavatti | J2: Manut. Externa | K2: Jhonatan | L2: Críticos | M2: =IF(E2="","",WORKDAY(E2,22)) -> 46182 | P2: Compras | U2: =COUNTA(Tabela2[[#This Row],[FORNECEDOR A]:[FORNECEDOR G]]) -> 0
A3: =IF(Tabela2[[#This Row],[DATA DO PEDIDO]]<>"", "Finalizado", IF(Tabela2[[#This Row],[DATA ENVIO COMPRAS]]="", "Aguardando Coordenador", IF(Tabela2[[#This Row],[EQUALIZAÇÃO]]="", "Aguardando Fornecedores", "Aguardando Pedido" ) ) ) -> Aguardando Pedido | B3: =IF(Tabela2[[#This Row],[DATA DO PEDIDO]]<>"","Finalizado",IF(Tabela2[[#This Row],[DATA ENVIO COMPRAS]]="","",_xlfn.DAYS(TODAY(),Tabela2[[#This Row],[DATA ENVIO COMPRAS]])&IF(_xlfn.DAYS(TODAY(),Tabela2[[#This Row],[DATA ENVIO COMPRAS]])>1," Dias"," Dia"))) -> 22 Dias | C3: =IF(Tabela2[[#This Row],[DATA DO PEDIDO]]<>"",Tabela2[[#This Row],[DATA DO PEDIDO]]-Tabela2[[#This Row],[DATA ENVIO COMPRAS]],"") | D3: =IF(D2="Seq.",1,D2+1) -> 2 | E3: 46140 | F3: 002-0/26 | G3: REFORMA TALISCAS MESA MA | H3: MOENDA A | I3: Rodrigo Zavatti | J3: Manut. Externa | K3: Jhonatan | L3: Críticos | M3: =IF(E3="","",WORKDAY(E3,22)) -> 46170 | N3: 46155 | O3: Sim | P3: Compras | U3: =COUNTA(Tabela2[[#This Row],[FORNECEDOR A]:[FORNECEDOR G]]) -> 0 | AD3: HD | AE3: 628388
A4: =IF(Tabela2[[#This Row],[DATA DO PEDIDO]]<>"", "Finalizado", IF(Tabela2[[#This Row],[DATA ENVIO COMPRAS]]="", "Aguardando Coordenador", IF(Tabela2[[#This Row],[EQUALIZAÇÃO]]="", "Aguardando Fornecedores", "Aguardando Pedido" ) ) ) -> Aguardando Coordenador | B4: =IF(Tabela2[[#This Row],[DATA DO PEDIDO]]<>"","Finalizado",IF(Tabela2[[#This Row],[DATA ENVIO COMPRAS]]="","",_xlfn.DAYS(TODAY(),Tabela2[[#This Row],[DATA ENVIO COMPRAS]])&IF(_xlfn.DAYS(TODAY(),Tabela2[[#This Row],[DATA ENVIO COMPRAS]])>1," Dias"," Dia"))) | C4: =IF(Tabela2[[#This Row],[DATA DO PEDIDO]]<>"",Tabela2[[#This Row],[DATA DO PEDIDO]]-Tabela2[[#This Row],[DATA ENVIO COMPRAS]],"") | D4: =IF(D3="Seq.",1,D3+1) -> 3 | F4: 003-0/26 | G4: PERITAGEM ELETROIMA | H4: MOENDA A | I4: Rodrigo Zavatti | J4: Manut. Externa | K4: Jhonatan | L4: Críticos | M4: =IF(E4="","",WORKDAY(E4,22)) | P4: Coordenador | U4: =COUNTA(Tabela2[[#This Row],[FORNECEDOR A]:[FORNECEDOR G]]) -> 0
A5: =IF(Tabela2[[#This Row],[DATA DO PEDIDO]]<>"", "Finalizado", IF(Tabela2[[#This Row],[DATA ENVIO COMPRAS]]="", "Aguardando Coordenador", IF(Tabela2[[#This Row],[EQUALIZAÇÃO]]="", "Aguardando Fornecedores", "Aguardando Pedido" ) ) ) -> Aguardando Fornecedores | B5: =IF(Tabela2[[#This Row],[DATA DO PEDIDO]]<>"","Finalizado",IF(Tabela2[[#This Row],[DATA ENVIO COMPRAS]]="","",_xlfn.DAYS(TODAY(),Tabela2[[#This Row],[DATA ENVIO COMPRAS]])&IF(_xlfn.DAYS(TODAY(),Tabela2[[#This Row],[DATA ENVIO COMPRAS]])>1," Dias"," Dia"))) -> 22 Dias | C5: =IF(Tabela2[[#This Row],[DATA DO PEDIDO]]<>"",Tabela2[[#This Row],[DATA DO PEDIDO]]-Tabela2[[#This Row],[DATA ENVIO COMPRAS]],"") | D5: =IF(D4="Seq.",1,D4+1) -> 4 | E5: 46140 | F5: 004-0/26 | G5: REFORMA ESTEIRA TT01 - TT02 | H5: CALDEIRAS | I5: Rodrigo Zavatti | J5: Manut. Externa | K5: Jhonatan | L5: Críticos | M5: =IF(E5="","",WORKDAY(E5,22)) -> 46170 | P5: Compras | U5: =COUNTA(Tabela2[[#This Row],[FORNECEDOR A]:[FORNECEDOR G]]) -> 0
A6: =IF(Tabela2[[#This Row],[DATA DO PEDIDO]]<>"", "Finalizado", IF(Tabela2[[#This Row],[DATA ENVIO COMPRAS]]="", "Aguardando Coordenador", IF(Tabela2[[#This Row],[EQUALIZAÇÃO]]="", "Aguardando Fornecedores", "Aguardando Pedido" ) ) ) -> Aguardando Fornecedores | B6: =IF(Tabela2[[#This Row],[DATA DO PEDIDO]]<>"","Finalizado",IF(Tabela2[[#This Row],[DATA ENVIO COMPRAS]]="","",_xlfn.DAYS(TODAY(),Tabela2[[#This Row],[DATA ENVIO COMPRAS]])&IF(_xlfn.DAYS(TODAY(),Tabela2[[#This Row],[DATA ENVIO COMPRAS]])>1," Dias"," Dia"))) -> 22 Dias | C6: =IF(Tabela2[[#This Row],[DATA DO PEDIDO]]<>"",Tabela2[[#This Row],[DATA DO PEDIDO]]-Tabela2[[#This Row],[DATA ENVIO COMPRAS]],"") | D6: =IF(D5="Seq.",1,D5+1) -> 5 | E6: 46140 | F6: 005-0/26 | G6: REFORMA CORRENTES MESA MA ESTEIRAS METALICAS MA E MB | H6: MOENDAS | I6: Rodrigo Zavatti | J6: Manut. Externa | K6: Jhonatan | L6: Críticos | M6: =IF(E6="","",WORKDAY(E6,22)) -> 46170 | P6: Compras | U6: =COUNTA(Tabela2[[#This Row],[FORNECEDOR A]:[FORNECEDOR G]]) -> 0
A7: =IF(Tabela2[[#This Row],[DATA DO PEDIDO]]<>"", "Finalizado", IF(Tabela2[[#This Row],[DATA ENVIO COMPRAS]]="", "Aguardando Coordenador", IF(Tabela2[[#This Row],[EQUALIZAÇÃO]]="", "Aguardando Fornecedores", "Aguardando Pedido" ) ) ) -> Aguardando Fornecedores | B7: =IF(Tabela2[[#This Row],[DATA DO PEDIDO]]<>"","Finalizado",IF(Tabela2[[#This Row],[DATA ENVIO COMPRAS]]="","",_xlfn.DAYS(TODAY(),Tabela2[[#This Row],[DATA ENVIO COMPRAS]])&IF(_xlfn.DAYS(TODAY(),Tabela2[[#This Row],[DATA ENVIO COMPRAS]])>1," Dias"," Dia"))) -> 22 Dias | C7: =IF(Tabela2[[#This Row],[DATA DO PEDIDO]]<>"",Tabela2[[#This Row],[DATA DO PEDIDO]]-Tabela2[[#This Row],[DATA ENVIO COMPRAS]],"") | D7: =IF(D6="Seq.",1,D6+1) -> 6 | E7: 46140 | F7: 006-0/26 | G7: REFORMA TALISCAS ESTEIRAS METALICAS MA E MB | H7: MOENDAS | I7: Rodrigo Zavatti | J7: Manut. Externa | K7: Jhonatan | L7: Críticos | M7: =IF(E7="","",WORKDAY(E7,22)) -> 46170 | P7: Compras | U7: =COUNTA(Tabela2[[#This Row],[FORNECEDOR A]:[FORNECEDOR G]]) -> 0
A8: =IF(Tabela2[[#This Row],[DATA DO PEDIDO]]<>"", "Finalizado", IF(Tabela2[[#This Row],[DATA ENVIO COMPRAS]]="", "Aguardando Coordenador", IF(Tabela2[[#This Row],[EQUALIZAÇÃO]]="", "Aguardando Fornecedores", "Aguardando Pedido" ) ) ) -> Aguardando Fornecedores | B8: =IF(Tabela2[[#This Row],[DATA DO PEDIDO]]<>"","Finalizado",IF(Tabela2[[#This Row],[DATA ENVIO COMPRAS]]="","",_xlfn.DAYS(TODAY(),Tabela2[[#This Row],[DATA ENVIO COMPRAS]])&IF(_xlfn.DAYS(TODAY(),Tabela2[[#This Row],[DATA ENVIO COMPRAS]])>1," Dias"," Dia"))) -> 16 Dias | C8: =IF(Tabela2[[#This Row],[DATA DO PEDIDO]]<>"",Tabela2[[#This Row],[DATA DO PEDIDO]]-Tabela2[[#This Row],[DATA ENVIO COMPRAS]],"") | D8: =IF(D7="Seq.",1,D7+1) -> 7 | E8: 46146 | F8: 007-0/26 | G8: REFORMA SIST. HID. MOENDAS | H8: MOENDAS | I8: Rodrigo Zavatti | J8: Manut. Externa | K8: Jhonatan | L8: Críticos | M8: =IF(E8="","",WORKDAY(E8,22)) -> 46176 | P8: Compras | U8: =COUNTA(Tabela2[[#This Row],[FORNECEDOR A]:[FORNECEDOR G]]) -> 0

Sheet GRAFICOS
H2: CARTAS: | I2: 88
H3: FINALIZADAS | I3: 85
H4: AGUARDANDO RETORNO | I4: 3
H17: CARTAS: | I17: 9
H18: FINALIZADAS | I18: 9
H19: AGUARDANDO RETORNO | I19: 0

Sheet BASE 2024
B4: STATUS | C4: Tempo Pendente | D4: Seq. | E4: PACOTES | F4: CRÍTICIDADE | G4: RESPONSÁVEL | H4: EMPRESAS PARTICIPANTES | I4: TOTAL | J4: ENVIO COMPRAS | K4: PRAZO RETORNO | L4: PROPOSTAS RECEBIDAS | M4: ENVIO EQUALIZAÇÃO | N4: FORNECEDOR A | O4: FORNECEDOR B | P4: FORNECEDOR C | Q4: FORNECEDOR D | R4: FORNECEDOR E | S4: FORNECEDOR F | T4: FORNECEDOR G | U4: OBSERVAÇÕES4 | V4: EMPRESA NEGOCIADA | W4: SC | X4: INCLUSO NA PLANILHA?
A5: OK | B5: =IF($X5<>"","Finalizado",IF($O5<>"","Comprador Negociando",IF($M5>=TODAY(),"Aguardando Retorno Fornecedores","Prazo de Retorno Vencido"))) -> Finalizado | C5: =IF(B5="Finalizado","Ok",IF(IF(M5="",_xlfn.DAYS(TODAY(),J5),_xlfn.DAYS(TODAY(),M5))>1,IF(M5="",_xlfn.DAYS(TODAY(),J5),_xlfn.DAYS(TODAY(),M5))&" Dias",IF(M5="",_xlfn.DAYS(TODAY(),J5),_xlfn.DAYS(TODAY(),M5))&" Dia")) -> Ok | D5: 1 | E5: CORRENTES ARRASTE | F5: Alta | H5: Ello/General Chains/ Linksteel/Pro-link/Tetracon | I5: 5 | J5: 45491 | K5: 45506 | L5: =COUNTA([1]Equalizações!S2:Y2) -> 1 | M5: 45512 | N5: PROLINK | O5: GENERAL CHAINS | P5: ELLO CORRENTS | Q5: LINKSTEEL | R5: TETRACOM | V5: TETRACOM/ LINKSTEEL | W5: 561148/561372/561150/561375 561198/561199/561207/561216 561219/561220/561222/561254 | X5: SIM
A6: OK | B6: =IF($X6<>"","Finalizado",IF($O6<>"","Comprador Negociando",IF($M6>=TODAY(),"Aguardando Retorno Fornecedores","Prazo de Retorno Vencido"))) -> Finalizado | C6: =IF(B6="Finalizado","Ok",IF(IF(M6="",_xlfn.DAYS(TODAY(),J6),_xlfn.DAYS(TODAY(),M6))>1,IF(M6="",_xlfn.DAYS(TODAY(),J6),_xlfn.DAYS(TODAY(),M6))&" Dias",IF(M6="",_xlfn.DAYS(TODAY(),J6),_xlfn.DAYS(TODAY(),M6))&" Dia")) -> Ok | D6: 2 | E6: MANUTENÇÃO EM DESFIBRADOR | F6: Alta | H6: Dedini/Dourados/ Magister/Mefsa/Moreno/ Simisa/Theodor | I6: 7 | J6: 45495 | K6: 45512 | L6: =COUNTA([1]Equalizações!S5:Y5) -> 7 | M6: 45533 | N6: DEDINI (DECLINOU) | O6: DOURADOS (DECLINOU) | P6: MEFSA | Q6: THEODOR | R6: MORENO (DECLINOU) | S6: MAGISTER | T6: SIMISA RESPONDEU P/ COMPRAS | V6: MAGISTER | W6: 562351/565991 | X6: SIM
A7: OK | B7: =IF($X7<>"","Finalizado",IF($O7<>"","Comprador Negociando",IF($M7>=TODAY(),"Aguardando Retorno Fornecedores","Prazo de Retorno Vencido"))) -> Finalizado | C7: =IF(B7="Finalizado","Ok",IF(IF(M7="",_xlfn.DAYS(TODAY(),J7),_xlfn.DAYS(TODAY(),M7))>1,IF(M7="",_xlfn.DAYS(TODAY(),J7),_xlfn.DAYS(TODAY(),M7))&" Dias",IF(M7="",_xlfn.DAYS(TODAY(),J7),_xlfn.DAYS(TODAY(),M7))&" Dia")) -> Ok | D7: 3 | E7: MANUTENÇÃO DO SISTEMA HIDRAULICO MOENDA A e B | F7: Média | H7: Desidério/RRV/Renova/ Fatto/Oriente | I7: 5 | J7: 45496 | K7: 45514 | L7: =COUNTA([1]Equalizações!S3:Y3) -> 7 | M7: 45525 | N7: DESIDÉRIO | O7: ORIENTE | P7: RENOVA | Q7: RRV | R7: FATTO | V7: ORIENT | W7: 562078/562076 | X7: SIM
A8: OK | B8: =IF($X8<>"","Finalizado",IF($O8<>"","Comprador Negociando",IF($M8>=TODAY(),"Aguardando Retorno Fornecedores","Prazo de Retorno Vencido"))) -> Finalizado | C8: =IF(B8="Finalizado","Ok",IF(IF(M8="",_xlfn.DAYS(TODAY(),J8),_xlfn.DAYS(TODAY(),M8))>1,IF(M8="",_xlfn.DAYS(TODAY(),J8),_xlfn.DAYS(TODAY(),M8))&" Dias",IF(M8="",_xlfn.DAYS(TODAY(),J8),_xlfn.DAYS(TODAY(),M8))&" Dia")) -> Ok | D8: 5 | E8: MANUTENÇÃO CENTRIFUGAS KONT | F8: Baixa | H8: Ad Service/Ferramaq/Renova/ TJR/Vetek/Vibromaq/Vibrotec | I8: 7 | J8: 45498 | K8: 45517 | L8: =COUNTA([1]Equalizações!S9:Y9) -> 6 | M8: 45553 | N8: RENOVA | O8: FERREMAQ | P8: ADSERVICE (DECLINOU) | Q8: VIBROTEC | R8: TJR (NÃO RESPONDEU) | S8: Vetek (NÃO RESPONDEU) | T8: Vibromaq (NÃO RESPONDEU) | V8: RENOVA | W8: 563060/563061/563062/563063/563064 | X8: SIM
A9: CONTRATO | B9: =IF($X9<>"","Finalizado",IF($O9<>"","Comprador Negociando",IF($M9>=TODAY(),"Aguardando Retorno Fornecedores","Prazo de Retorno Vencido"))) -> Finalizado | C9: =IF(B9="Finalizado","Ok",IF(IF(M9="",_xlfn.DAYS(TODAY(),J9),_xlfn.DAYS(TODAY(),M9))>1,IF(M9="",_xlfn.DAYS(TODAY(),J9),_xlfn.DAYS(TODAY(),M9))&" Dias",IF(M9="",_xlfn.DAYS(TODAY(),J9),_xlfn.DAYS(TODAY(),M9))&" Dia")) -> Ok | D9: 7 | E9: BOROSCOPIA | F9: Baixa | H9: Contec/Gmtec/Sew/SB END/Welding/Wortice | I9: 6 | J9: 45502 | K9: 45517 | L9: =COUNTA([1]Equalizações!S10:Y10) -> 6 | M9: 45553 | N9: GMTEC | O9: SEW* | P9: SB END | Q9: WORTICE | R9: Welding (NÃO RESPONDEU) | S9: Contec (NÃO RESPONDEU) | V9: SEW | W9: 563074/563075 | X9: SIM
B10: =IF($X10<>"","Finalizado",IF($O10<>"","Comprador Negociando",IF($M10>=TODAY(),"Aguardando Retorno Fornecedores","Prazo de Retorno Vencido"))) -> Finalizado | C10: =IF(B10="Finalizado","Ok",IF(IF(M10="",_xlfn.DAYS(TODAY(),J10),_xlfn.DAYS(TODAY(),M10))>1,IF(M10="",_xlfn.DAYS(TODAY(),J10),_xlfn.DAYS(TODAY(),M10))&" Dias",IF(M10="",_xlfn.DAYS(TODAY(),J10),_xlfn.DAYS(TODAY(),M10))&" Dia")) -> Ok | D10: 8 | E10: FILTRAGEM DE OLÉO | F10: Baixa | H10: Maxlubri/Purilub/TratLUB | I10: 3 | J10: 45504 | K10: 45520 | L10: =COUNTA([1]Equalizações!S4:Y4) -> 7 | M10: 45526 | N10: MAXLUBRI | O10: TRATLUB | P10: PURILUB | V10: MAX LUBRI | W10: 561678/561681/561682/ 1047/1048/1114/561709 | X10: SIM
A11: OK | B11: =IF($X11<>"","Finalizado",IF($O11<>"","Comprador Negociando",IF($M11>=TODAY(),"Aguardando Retorno Fornecedores","Prazo de Retorno Vencido"))) -> Finalizado | C11: =IF(B11="Finalizado","Ok",IF(IF(M11="",_xlfn.DAYS(TODAY(),J11),_xlfn.DAYS(TODAY(),M11))>1,IF(M11="",_xlfn.DAYS(TODAY(),J11),_xlfn.DAYS(TODAY(),M11))&" Dias",IF(M11="",_xlfn.DAYS(TODAY(),J11),_xlfn.DAYS(TODAY(),M11))&" Dia")) -> Ok | D11: 9 | E11: PACOTE MOENDAS A e B | F11: Alta | H11: CCM/DEDINI/MEFSA/ MORENO/SIMISA/POWER MOENDAS | I11: 6 | J11: 45505 | K11: 45524 | L11: =COUNTA([1]Equalizações!S6:Y6) -> 5 | M11: 45533 | N11: MEFSA | O11: MORENO (DECLINOU) | P11: CCM | Q11: DEDINI | R11: SIMISA RESPONDEU COMPRAS | S11: POWER MOENDAS (CERIBELI Ñ QHR) | V11: CCM | W11: 561968/561990/562025/ 562044/562035/562036/ 566023 | X11: SIM
A12: OK | B12: =IF($X12<>"","Finalizado",IF($O12<>"","Comprador Negociando",IF($M12>=TODAY(),"Aguardando Retorno Fornecedores","Prazo de Retorno Vencido"))) -> Finalizado | C12: =IF(B12="Finalizado","Ok",IF(IF(M12="",_xlfn.DAYS(TODAY(),J12),_xlfn.DAYS(TODAY(),M12))>1,IF(M12="",_xlfn.DAYS(TODAY(),J12),_xlfn.DAYS(TODAY(),M12))&" Dias",IF(M12="",_xlfn.DAYS(TODAY(),J12),_xlfn.DAYS(TODAY(),M12))&" Dia")) -> Ok | D12: 14 | E12: INSPEÇÃO CORRENTES ARRASTE | F12: Alta | H12: SB END/WELDING/SOLIEND/ QUALYSERVICE | I12: 4 | J12: 45534 | K12: 45545 | L12: =COUNTA([1]Equalizações!S8:Y8) -> 7 | M12: 45547 | N12: SOLIEND | O12: SB END | P12: QUALYSERVICE | Q12: WELDING | V12: WELDING | W12: 562125/564307 | X12: SIM
A13: OK | B13: =IF($X13<>"","Finalizado",IF($O13<>"","Comprador Negociando",IF($M13>=TODAY(),"Aguardando Retorno Fornecedores","Prazo de Retorno Vencido"))) -> Finalizado | C13: =IF(B13="Finalizado","Ok",IF(IF(M13="",_xlfn.DAYS(TODAY(),J13),_xlfn.DAYS(TODAY(),M13))>1,IF(M13="",_xlfn.DAYS(TODAY(),J13),_xlfn.DAYS(TODAY(),M13))&" Dias",IF(M13="",_xlfn.DAYS(TODAY(),J13),_xlfn.DAYS(TODAY(),M13))&" Dia")) -> Ok | D13: 12 | E13: CONFECÇÃO EIXO E ROTOR PARA EXAUSTOR (SPOT) | F13: Média | H13: ASTE/AERO/VIBROTEC | I13: 3 | J13: 45537 | K13: 45545 | L13: =COUNTA([1]Equalizações!S13:Y13) -> 4 | M13: 45581 | N13: AERO | O13: VIBROTEC | P13: ASTE | V13: VIBROTEC | W13: 562506 (Luiza) | X13: SIM
B14: =IF($X14<>"","Finalizado",IF($O14<>"","Comprador Negociando",IF($M14>=TODAY(),"Aguardando Retorno Fornecedores","Prazo de Retorno Vencido"))) -> Finalizado | C14: =IF(B14="Finalizado","Ok",IF(IF(M14="",_xlfn.DAYS(TODAY(),J14),_xlfn.DAYS(TODAY(),M14))>1,IF(M14="",_xlfn.DAYS(TODAY(),J14),_xlfn.DAYS(TODAY(),M14))&" Dias",IF(M14="",_xlfn.DAYS(TODAY(),J14),_xlfn.DAYS(TODAY(),M14))&" Dia")) -> Ok | D14: 10 | E14: Pacote Inspeção Vasos de Pressão NR13 | F14: Baixa | H14: ENGETEX/ENGEVESSEL/ENGINEERS/JRE INSPEÇÃO | I14: 4 | J14: 45531 | K14: 45547 | L14: =COUNTA([1]Equalizações!S7:Y7) -> 7 | M14: 45546 | N14: ENGINEERS | O14: ENGEVESSEL | P14: JRE INSPEÇÃO | Q14: ENGETEX | V14: ENGETEX | W14: 563067 | X14: SIM
A15: OK | B15: =IF($X15<>"","Finalizado",IF($O15<>"","Comprador Negociando",IF($M15>=TODAY(),"Aguardando Retorno Fornecedores","Prazo de Retorno Vencido"))) -> Finalizado | C15: =IF(B15="Finalizado","Ok",IF(IF(M15="",_xlfn.DAYS(TODAY(),J15),_xlfn.DAYS(TODAY(),M15))>1,IF(M15="",_xlfn.DAYS(TODAY(),J15),_xlfn.DAYS(TODAY(),M15))&" Dias",IF(M15="",_xlfn.DAYS(TODAY(),J15),_xlfn.DAYS(TODAY(),M15))&" Dia")) -> Ok | D15: 11 | E15: TORRES DE RESFRIAMENTO | F15: Alta | H15: COBERMIL/RB/VETTOR | I15: 3 | J15: 45539 | K15: 45548 | L15: =COUNTA([1]Equalizações!S12:Y12) -> 7 | M15: 45577 | N15: RB SERVIÇOS | O15: COBERMIL | P15: VETTOR | V15: RB SERVIÇOS | W15: 1054/1039/563668/563669/563670/563671/563672/563673/563674/563675/563677/563678/563679/563680/563681/563682/563683/563684/563687 | X15: SIM
A16: OK | B16: =IF($X16<>"","Finalizado",IF($O16<>"","Comprador Negociando",IF($M16>=TODAY(),"Aguardando Retorno Fornecedores","Prazo de Retorno Vencido"))) -> Finalizado | C16: =IF(B16="Finalizado","Ok",IF(IF(M16="",_xlfn.DAYS(TODAY(),J16),_xlfn.DAYS(TODAY(),M16))>1,IF(M16="",_xlfn.DAYS(TODAY(),J16),_xlfn.DAYS(TODAY(),M16))&" Dias",IF(M16="",_xlfn.DAYS(TODAY(),J16),_xlfn.DAYS(TODAY(),M16))&" Dia")) -> Ok | D16: 15 | E16: MANUTENÇÃO NAS TURBINAS Á VAPOR | F16: Alta | H16: TGM/Wortice | I16: 2 | J16: 45546 | K16: 45553 | L16: =COUNTA([1]Equalizações!S11:Y11) -> 7 | M16: 45561 | N16: WORTICE | O16: TGM | V16: WORTICE | W16: 1051/1052/1119 | X16: SIM
A17: OK | B17: =IF($X17<>"","Finalizado",IF($O17<>"","Comprador Negociando",IF($M17>=TODAY(),"Aguardando Retorno Fornecedores","Prazo de Retorno Vencido"))) -> Finalizado | C17: =IF(B17="Finalizado","Ok",IF(IF(M17="",_xlfn.DAYS(TODAY(),J17),_xlfn.DAYS(TODAY(),M17))>1,IF(M17="",_xlfn.DAYS(TODAY(),J17),_xlfn.DAYS(TODAY(),M17))&" Dias",IF(M17="",_xlfn.DAYS(TODAY(),J17),_xlfn.DAYS(TODAY(),M17))&" Dia")) -> Ok | D17: 13 | E17: INSPEÇÃO EXTRAÇÃO (MOENDAS) | F17: Alta | H17: SB End/Welding/Soliend/ QualyService/JRE Inspeções | I17: 5 | J17: 45552 | K17: 45562 | L17: =COUNTA([1]Equalizações!S14:Y14) -> 5 | M17: 45581 | N17: SOLIEND | O17: WELDING | P17: QUALYSERVICE | Q17: SB END (NÃO ENVIOU) | R17: JRE (NÃO ENVIOU) | V17: WELDING | W17: 563742/563745 | X17: SIM
A18: OK | B18: =IF($X18<>"","Finalizado",IF($O18<>"","Comprador Negociando",IF($M18>=TODAY(),"Aguardando Retorno Fornecedores","Prazo de Retorno Vencido"))) -> Comprador Negociando | C18: =IF(B18="Finalizado","Ok",IF(IF(M18="",_xlfn.DAYS(TODAY(),J18),_xlfn.DAYS(TODAY(),M18))>1,IF(M18="",_xlfn.DAYS(TODAY(),J18),_xlfn.DAYS(TODAY(),M18))&" Dias",IF(M18="",_xlfn.DAYS(TODAY(),J18),_xlfn.DAYS(TODAY(),M18))&" Dia")) -> 581 Dias | D18: 18 | E18: SOPRADORES DE FULIGEM | F18: Média | H18: Process-Prother/Heron/Promoen/ Clyde/Lsi/ | I18: 5 | J18: 45558 | K18: 45569 | L18: =COUNTA([1]Equalizações!S19:Y19) -> 5 | M18: 45581 | N18: CLYDE (DECLINOU) | O18: HEROM | P18: PROMOEN | Q18: PROTHER | R18: LSI (NÃO ENVIOU) | V18: PROTHER | W18: 565.141/565.142
A19: OK | B19: =IF($X19<>"","Finalizado",IF($O19<>"","Comprador Negociando",IF($M19>=TODAY(),"Aguardando Retorno Fornecedores","Prazo de Retorno Vencido"))) -> Finalizado | C19: =IF(B19="Finalizado","Ok",IF(IF(M19="",_xlfn.DAYS(TODAY(),J19),_xlfn.DAYS(TODAY(),M19))>1,IF(M19="",_xlfn.DAYS(TODAY(),J19),_xlfn.DAYS(TODAY(),M19))&" Dias",IF(M19="",_xlfn.DAYS(TODAY(),J19),_xlfn.DAYS(TODAY(),M19))&" Dia")) -> Ok | D19: 19 | E19: VISORES DE NIVEL | F19: Média | H19: Pmatec/Tecviso/Aurea/ Tecnoval/Visortech | I19: 5 | J19: 45558 | K19: 45574 | L19: =COUNTA([1]Equalizações!S15:Y15) -> 5 | M19: 45581 | N19: TECVISO | O19: VISORTECH | P19: PMATEC | Q19: TECNOVAL | R19: AUREA (NÃO ENVIOU) | V19: PMATEC | W19: 563432/563435/563436 | X19: SIM
A20: OK | B20: =IF($X20<>"","Finalizado",IF($O20<>"","Comprador Negociando",IF($M20>=TODAY(),"Aguardando Retorno Fornecedores","Prazo de Retorno Vencido"))) -> Finalizado | C20: =IF(B20="Finalizado","Ok",IF(IF(M20="",_xlfn.DAYS(TODAY(),J20),_xlfn.DAYS(TODAY(),M20))>1,IF(M20="",_xlfn.DAYS(TODAY(),J20),_xlfn.DAYS(TODAY(),M20))&" Dias",IF(M20="",_xlfn.DAYS(TODAY(),J20),_xlfn.DAYS(TODAY(),M20))&" Dia")) -> Ok | D20: 22 | E20: PERITAGEM GERADORES | F20: Alta | H20: WEG/Data Engenharia/Buscarioli/Harpia/Ecovis | I20: 5 | J20: 45562 | K20: 45576 | L20: =COUNTA([1]Equalizações!S16:Y16) -> 7 | M20: 45581 | N20: WEG | O20: HARPIA | P20: Data Engenharia | Q20: Buscarioli (não enviou) | R20: Ecovis (Fora Prazo) | V20: Data Engenharia | W20: 564223/1057/1058/1124 | X20: SIM
B21: =IF($X21<>"","Finalizado",IF($O21<>"","Comprador Negociando",IF($M21>=TODAY(),"Aguardando Retorno Fornecedores","Prazo de Retorno Vencido"))) -> Finalizado | C21: =IF(B21="Finalizado","Ok",IF(IF(M21="",_xlfn.DAYS(TODAY(),J21),_xlfn.DAYS(TODAY(),M21))>1,IF(M21="",_xlfn.DAYS(TODAY(),J21),_xlfn.DAYS(TODAY(),M21))&" Dias",IF(M21="",_xlfn.DAYS(TODAY(),J21),_xlfn.DAYS(TODAY(),M21))&" Dia")) -> Ok | D21: 24 | E21: PACOTE VALVULAS DE CALDO | F21: Média | G21: Edjaldo Dias Batista | H21: TJA/APM/Tecnoval | I21: 3 | J21: 45566 | K21: 45576 | L21: =COUNTA([1]Equalizações!S17:Y17) -> 7 | M21: 45590 | N21: TJA | O21: APM | P21: Tecnoval | U21: Eliminou as negociações através formulário Ceribeli | V21: TJA | W21: 562427/562356 | X21: SIM
B22: =IF($X22<>"","Finalizado",IF($O22<>"","Comprador Negociando",IF($M22>=TODAY(),"Aguardando Retorno Fornecedores","Prazo de Retorno Vencido"))) -> Finalizado | C22: =IF(B22="Finalizado","Ok",IF(IF(M22="",_xlfn.DAYS(TODAY(),J22),_xlfn.DAYS(TODAY(),M22))>1,IF(M22="",_xlfn.DAYS(TODAY(),J22),_xlfn.DAYS(TODAY(),M22))&" Dias",IF(M22="",_xlfn.DAYS(TODAY(),J22),_xlfn.DAYS(TODAY(),M22))&" Dia")) -> Ok | D22: 16 | E22: MANUTENÇÃO LINHA DE PRESSÃO CALDEIRA 01 - RV01 | F22: Alta | G22: Eduardo Rogerio Maggio | H22: MR MONTAGENS/ORCA/ MONINSC/GLM/FRS/ZAP/G. LIMA | I22: 7 | J22: 45575 | K22: 45580 | L22: =COUNTA([1]Equalizações!S20:Y20) -> 5 | M22: 45588 | N22: ORCA | O22: MONINSC | P22: frs (declinou) | Q22: GLM | R22: MR MONTAGENS (Não resp.) | S22: ZAP (AG ORÇ) | T22: GRUPO LIMA (AG excel) | V22: ORCA | W22: 564300 | X22: SIM
B23: =IF($X23<>"","Finalizado",IF($O23<>"","Comprador Negociando",IF($M23>=TODAY(),"Aguardando Retorno Fornecedores","Prazo de Retorno Vencido"))) -> Finalizado | C23: =IF(B23="Finalizado","Ok",IF(IF(M23="",_xlfn.DAYS(TODAY(),J23),_xlfn.DAYS(TODAY(),M23))>1,IF(M23="",_xlfn.DAYS(TODAY(),J23),_xlfn.DAYS(TODAY(),M23))&" Dias",IF(M23="",_xlfn.DAYS(TODAY(),J23),_xlfn.DAYS(TODAY(),M23))&" Dia")) -> Ok | D23: 26 | E23: PACOTE TRANSMISSORES (in loco) | F23: Baixa | G23: Valtenir José de Brito | H23: ENGINSTREL/GMG/GSA/ACCI/E.R.FLOW | I23: 5 | J23: 45573 | K23: 45580 | L23: =COUNTA([1]Equalizações!S22:Y22) -> 7 | M23: 45590 | N23: ACCI | O23: GMG | P23: Engistrel | Q23: GSA | R23: ER FLOW | V23: ER FLOW | W23: 564565/564569/564574/564576/564577/564593/564594 | X23: SIM
A24: N/A | B24: =IF($X24<>"","Finalizado",IF($O24<>"","Comprador Negociando",IF($M24>=TODAY(),"Aguardando Retorno Fornecedores","Prazo de Retorno Vencido"))) -> Finalizado | C24: =IF(B24="Finalizado","Ok",IF(IF(M24="",_xlfn.DAYS(TODAY(),J24),_xlfn.DAYS(TODAY(),M24))>1,IF(M24="",_xlfn.DAYS(TODAY(),J24),_xlfn.DAYS(TODAY(),M24))&" Dias",IF(M24="",_xlfn.DAYS(TODAY(),J24),_xlfn.DAYS(TODAY(),M24))&" Dia")) -> Ok | D24: 17 | E24: CALDEIRARIA MOENDAS A E B | F24: Alta | H24: DAR AGRO/ZAP/NS/MFC/DRW | I24: 5 | J24: 45558 | K24: 45583 | L24: =COUNTA([1]Equalizações!S25:Y25) -> 5 | M24: 45603 | N24: NS | O24: DAR AGRO | P24: ZAP | Q24: MFC | R24: DRW (NÃO RESPONDEU) | V24: ZAP | W24: 564799/564804/564805/564806/564807 | X24: SIM
A25: OK | B25: =IF($X25<>"","Finalizado",IF($O25<>"","Comprador Negociando",IF($M25>=TODAY(),"Aguardando Retorno Fornecedores","Prazo de Retorno Vencido"))) -> Finalizado | C25: =IF(B25="Finalizado","Ok",IF(IF(M25="",_xlfn.DAYS(TODAY(),J25),_xlfn.DAYS(TODAY(),M25))>1,IF(M25="",_xlfn.DAYS(TODAY(),J25),_xlfn.DAYS(TODAY(),M25))&" Dias",IF(M25="",_xlfn.DAYS(TODAY(),J25),_xlfn.DAYS(TODAY(),M25))&" Dia")) -> Ok | D25: 23 | E25: CALDEIRARIA GERAL DO PROCESSO | F25: Alta | G25: Renan Araújo Junqueira Bueno | H25: DAR AGRO/ZAP/NS/FRS/MFC/ GTS/SMI | I25: 7 | J25: 45565 | K25: 45583 | L25: =COUNTA([1]Equalizações!S26:Y26) -> 6 | M25: 45603 | N25: SMI | O25: ZAP | P25: DAR AGRO | Q25: NS | R25: DRW | S25: MFC (DECLINOU) | T25: GTS (DECLINOU) | V25: DAR AGRO / SMI /SB END / BC MAIS / LL MONTAGEM / GRUPO GAMMA | W25: 564.613/564.616/564.618/564.619/564.620/564.621/564.624/564.625/564.625/564.626/564.626/564.627/564.628/564.629/564.630/564.631/564.631/564.631/564.632/564.633/564.634/564.635/564.636/564.637/564.638/564.639/564.641/564.642/564.643/564.644/564.645/564.646/564.647/564.648/564.650/564.651/564.653/564.654/564.655/564.656/564.657/564.664/564.665/564.666/564.667/564.668/564.669/564.670/564.671/564.673/564.674/564.675/564.676/564.677/564.678/564.679/564.681/564.682/564.684/564.685/564.686/564.697/564.698/564.699/564.700/564.701/564.702/564.703/564.704/564.705/564.706/564.707/564.708/564.709/564.711/564.712/564.713/564.716/564.719/564.721/564.722/564.723/564.842/564.843/564.844/564.845/564.846/564.847 | X25: SIM
B26: =IF($X26<>"","Finalizado",IF($O26<>"","Comprador Negociando",IF($M26>=TODAY(),"Aguardando Retorno Fornecedores","Prazo de Retorno Vencido"))) -> Finalizado | C26: =IF(B26="Finalizado","Ok",IF(IF(M26="",_xlfn.DAYS(TODAY(),J26),_xlfn.DAYS(TODAY(),M26))>1,IF(M26="",_xlfn.DAYS(TODAY(),J26),_xlfn.DAYS(TODAY(),M26))&" Dias",IF(M26="",_xlfn.DAYS(TODAY(),J26),_xlfn.DAYS(TODAY(),M26))&" Dia")) -> Ok | D26: 20 | E26: PACOTE CALDEIRARIA SIDERURGICA CALDEIRA 01 | F26: Alta | G26: Eduardo Rogerio Maggio | H26: DAR AGRO/ZAP/NS/FRS/MFC/ GTS/DRW/SMI | I26: 7 | J26: 45576 | K26: 45583 | L26: =COUNTA([1]Equalizações!S27:Y27) -> 7 | M26: 45603 | N26: SMI | O26: NS | P26: ZAP | Q26: DAR AGRO | R26: GAMMA | S26: BC MAIS (FALTA EQUALIZAR) | T26: DRW/GTS/MFC (DECLINOU) | V26: GAMMA/SMI/DAR AGRO | W26: 564773/564774/564775/564776/564960/564961/564962/564963/564964/564965/564966/564969/564970/564971/564972/564974/564975/564976/564979/564980/564982/564983 | X26: SIM
A27: OK | B27: =IF($X27<>"","Finalizado",IF($O27<>"","Comprador Negociando",IF($M27>=TODAY(),"Aguardando Retorno Fornecedores","Prazo de Retorno Vencido"))) -> Finalizado | C27: =IF(B27="Finalizado","Ok",IF(IF(M27="",_xlfn.DAYS(TODAY(),J27),_xlfn.DAYS(TODAY(),M27))>1,IF(M27="",_xlfn.DAYS(TODAY(),J27),_xlfn.DAYS(TODAY(),M27))&" Dias",IF(M27="",_xlfn.DAYS(TODAY(),J27),_xlfn.DAYS(TODAY(),M27))&" Dia")) -> Ok | D27: 25 | E27: Confecção de Tanques | F27: Baixa | G27: Renan Araújo Junqueira Bueno | H27: DAR AGRO/ZAP/NS/DRW/MFC/ GTS/SMI | I27: 7 | J27: 45580 | K27: 45583 | L27: =COUNTA([1]Equalizações!S29:Y29) -> 7 | M27: 45603 | N27: SMI | O27: DAR AGRO | P27: ZAP | Q27: DRW | R27: GTS | S27: NS | T27: MFC (DECLINOU) | V27: DAR AGRO | W27: 564286/564287/564290/564291/564292/564294/564295/564296 | X27: SIM
A28: OK | B28: =IF($X28<>"","Finalizado",IF($O28<>"","Comprador Negociando",IF($M28>=TODAY(),"Aguardando Retorno Fornecedores","Prazo de Retorno Vencido"))) -> Finalizado | C28: =IF(B28="Finalizado","Ok",IF(IF(M28="",_xlfn.DAYS(TODAY(),J28),_xlfn.DAYS(TODAY(),M28))>1,IF(M28="",_xlfn.DAYS(TODAY(),J28),_xlfn.DAYS(TODAY(),M28))&" Dias",IF(M28="",_xlfn.DAYS(TODAY(),J28),_xlfn.DAYS(TODAY(),M28))&" Dia")) -> Ok | D28: 29 | E28: PREVENTIVA DISJUNTORES MEDIA TENSÃO (in loco) | F28: Alta | G28: Eduardo Henrique Silva Souza | H28: APS/Equilibrio/Eletrolucas/ FastDrive | I28: 4 | J28: 45583 | K28: 45590 | L28: =COUNTA([1]Equalizações!S24:Y24) -> 7 | M28: 45602 | N28: EQUILIBRIO | O28: FASTDRIVE | P28: APS | Q28: ELETROLUCAS | V28: ELETROLUCAS | W28: 1125 | X28: SIM
B29: =IF($X29<>"","Finalizado",IF($O29<>"","Comprador Negociando",IF($M29>=TODAY(),"Aguardando Retorno Fornecedores","Prazo de Retorno Vencido"))) -> Finalizado | C29: =IF(B29="Finalizado","Ok",IF(IF(M29="",_xlfn.DAYS(TODAY(),J29),_xlfn.DAYS(TODAY(),M29))>1,IF(M29="",_xlfn.DAYS(TODAY(),J29),_xlfn.DAYS(TODAY(),M29))&" Dias",IF(M29="",_xlfn.DAYS(TODAY(),J29),_xlfn.DAYS(TODAY(),M29))&" Dia")) -> Ok | D29: 33 | E29: Calibração Válvulas de Segurança | F29: Baixa | G29: Igor Marques Assis | H29: Zepponi/Visortech/Valsev/ kcal/Hidrovapor/ Seal Valve/tecnoval | I29: 7 | J29: 45583 | K29: 45590 | L29: =COUNTA([1]Equalizações!S30:Y30) -> 3 | M29: 45603 | N29: KCAL | O29: VALSEV | P29: SEALVALVE | Q29: TECNOVAL | R29: ZEPPONI (NÃO RESPONDEU) | S29: VISORTECH (NÃO RESPONDEU) | T29: HIDROVAPOR (NÃO RESPONDEU) | V29: sealvalve | W29: 564.829/564.831/564.832/564.833/564.834/564.835/564.836/564.837 | X29: SIM
A30: OK | B30: =IF($X30<>"","Finalizado",IF($O30<>"","Comprador Negociando",IF($M30>=TODAY(),"Aguardando Retorno Fornecedores","Prazo de Retorno Vencido"))) -> Finalizado | C30: =IF(B30="Finalizado","Ok",IF(IF(M30="",_xlfn.DAYS(TODAY(),J30),_xlfn.DAYS(TODAY(),M30))>1,IF(M30="",_xlfn.DAYS(TODAY(),J30),_xlfn.DAYS(TODAY(),M30))&" Dias",IF(M30="",_xlfn.DAYS(TODAY(),J30),_xlfn.DAYS(TODAY(),M30))&" Dia")) -> Ok | D30: 28 | E30: PREVENTIVA DISJUNTORES BAIXA TENSÃO (in loco) | F30: Alta | G30: Eduardo Henrique Silva Souza | H30: APS/Equilibrio/Eletrolucas/ Fast Drives | I30: 4 | J30: 45583 | K30: 45590 | L30: =COUNTA([1]Equalizações!S31:Y31) -> 7 | M30: 45603 | N30: FASTDRIVE | O30: APS | P30: ELETROLUCAS | Q30: EQUILIBRIO (NÃO RESPONDEU) | V30: ELETROLUCAS | W30: 1064 | X30: SIM
B31: =IF($X31<>"","Finalizado",IF($O31<>"","Comprador Negociando",IF($M31>=TODAY(),"Aguardando Retorno Fornecedores","Prazo de Retorno Vencido"))) -> Finalizado | C31: =IF(B31="Finalizado","Ok",IF(IF(M31="",_xlfn.DAYS(TODAY(),J31),_xlfn.DAYS(TODAY(),M31))>1,IF(M31="",_xlfn.DAYS(TODAY(),J31),_xlfn.DAYS(TODAY(),M31))&" Dias",IF(M31="",_xlfn.DAYS(TODAY(),J31),_xlfn.DAYS(TODAY(),M31))&" Dia")) -> Ok | D31: 34 | E31: PREVENTIVA TRANSFORMADORES | F31: Alta | G31: Eduardo Henrique Silva Souza | H31: Siner/Prosep/Sercamp/Equilibrio | I31: 4 | J31: 45583 | K31: 45590 | L31: =COUNTA([1]Equalizações!S32:Y32) -> 7 | M31: 45603 | N31: SINER | O31: SERCAMP | P31: PROSEP | Q31: EQUILIBRIO (NÃO RESPONDEU) | V31: SERCAMP | W31: 564816 | X31: SIM
A32: N/A | B32: =IF($X32<>"","Finalizado",IF($O32<>"","Comprador Negociando",IF($M32>=TODAY(),"Aguardando Retorno Fornecedores","Prazo de Retorno Vencido"))) -> Comprador Negociando | C32: =IF(B32="Finalizado","Ok",IF(IF(M32="",_xlfn.DAYS(TODAY(),J32),_xlfn.DAYS(TODAY(),M32))>1,IF(M32="",_xlfn.DAYS(TODAY(),J32),_xlfn.DAYS(TODAY(),M32))&" Dias",IF(M32="",_xlfn.DAYS(TODAY(),J32),_xlfn.DAYS(TODAY(),M32))&" Dia")) -> 559 Dias | D32: 37 | E32: MONTAGEM E FORNECIMENTO DE ANDAIME | F32: Baixa | G32: Eduardo Souza Cunha | H32: Frontal/Monteja | I32: 3 | J32: 45583 | K32: 45590 | L32: =COUNTA([1]Equalizações!S33:Y33) -> 6 | M32: 45603 | N32: FRONTAL | O32: MONTEJA | P32: GRUPO MATOS | V32: MG ANDAIMES | W32: FEITO CONTRATO DE LOCAÇÃO
B33: =IF($X33<>"","Finalizado",IF($O33<>"","Comprador Negociando",IF($M33>=TODAY(),"Aguardando Retorno Fornecedores","Prazo de Retorno Vencido"))) -> Comprador Negociando | C33: =IF(B33="Finalizado","Ok",IF(IF(M33="",_xlfn.DAYS(TODAY(),J33),_xlfn.DAYS(TODAY(),M33))>1,IF(M33="",_xlfn.DAYS(TODAY(),J33),_xlfn.DAYS(TODAY(),M33))&" Dias",IF(M33="",_xlfn.DAYS(TODAY(),J33),_xlfn.DAYS(TODAY(),M33))&" Dia")) -> 558 Dias | D33: 36 | E33: LOCAÇÃO DE GUINDASTES 50 TON | F33: Baixa | G33: Eduardo Souza Cunha | H33: Betel/JAM/Caldemil/Gmig/Gigantão | I33: 5 | J33: 45583 | K33: 45590 | L33: =COUNTA([1]Equalizações!S37:Y37) -> 7 | M33: 45604 | N33: JACOMASSI | O33: GMIG | P33: GIGANTÃO | Q33: CALDEMIL | R33: BETEL | U33: FINALIZADO | V33: CALDEMIL | W33: CONTRATO DE LOCAÇÃO
A34: OK | B34: =IF($X34<>"","Finalizado",IF($O34<>"","Comprador Negociando",IF($M34>=TODAY(),"Aguardando Retorno Fornecedores","Prazo de Retorno Vencido"))) -> Finalizado | C34: =IF(B34="Finalizado","Ok",IF(IF(M34="",_xlfn.DAYS(TODAY(),J34),_xlfn.DAYS(TODAY(),M34))>1,IF(M34="",_xlfn.DAYS(TODAY(),J34),_xlfn.DAYS(TODAY(),M34))&" Dias",IF(M34="",_xlfn.DAYS(TODAY(),J34),_xlfn.DAYS(TODAY(),M34))&" Dia")) -> Ok | D34: 27 | E34: PURGADORES | F34: Baixa | G34: Lucas Henrique Lara Rodrigues | H34: Zepponi/Tecnoval/Kcal/Valsev/HidroVapor | I34: 5 | J34: 45579 | K34: 45593 | L34: =COUNTA([1]Equalizações!S34:Y34) -> 6 | M34: 45603 | N34: ZEPPONI | O34: Kcal | P34: TECNOVAL | Q34: VALSEV | R34: HidroVapor | V34: kcal | W34: 564850/564851/564852/564854/564855/564856/564857/564858/1070 | X34: SIM
A35: OK | B35: =IF($X35<>"","Finalizado",IF($O35<>"","Comprador Negociando",IF($M35>=TODAY(),"Aguardando Retorno Fornecedores","Prazo de Retorno Vencido"))) -> Finalizado | C35: =IF(B35="Finalizado","Ok",IF(IF(M35="",_xlfn.DAYS(TODAY(),J35),_xlfn.DAYS(TODAY(),M35))>1,IF(M35="",_xlfn.DAYS(TODAY(),J35),_xlfn.DAYS(TODAY(),M35))&" Dias",IF(M35="",_xlfn.DAYS(TODAY(),J35),_xlfn.DAYS(TODAY(),M35))&" Dia")) -> Ok | D35: 32 | E35: LIMPEZA A SECO DAS CALDEIRAS 1,2 e 3 | F35: Média | G35: Eduardo Rogerio Maggio | H35: SERVITEC/PROMAC/INDTEC | I35: 3 | J35: 45586 | K35: 45595 | L35: =COUNTA([1]Equalizações!S18:Y18) -> 7 | M35: 45610 | N35: PROMAC (DECLINOU) | O35: INDTEC (DECLINOU) | P35: SERVITEC | U35: Feito Formulario de exclusividade | V35: SERVITEC | W35: 564115/564117/564118 | X35: SIM
B36: =IF($X36<>"","Finalizado",IF($O36<>"","Comprador Negociando",IF($M36>=TODAY(),"Aguardando Retorno Fornecedores","Prazo de Retorno Vencido"))) -> Finalizado | C36: =IF(B36="Finalizado","Ok",IF(IF(M36="",_xlfn.DAYS(TODAY(),J36),_xlfn.DAYS(TODAY(),M36))>1,IF(M36="",_xlfn.DAYS(TODAY(),J36),_xlfn.DAYS(TODAY(),M36))&" Dias",IF(M36="",_xlfn.DAYS(TODAY(),J36),_xlfn.DAYS(TODAY(),M36))&" Dia")) -> Ok | D36: 35 | E36: DESCARREGADORES | F36: Média | G36: Renan Araújo Junqueira Bueno | H36: Ad Service/Ferramaq/Renova/ TJR/Vetek/Vibromaq/Silver | I36: 7 | J36: 45586 | K36: 45595 | L36: =COUNTA([1]Equalizações!S35:Y35) -> 5 | M36: 45603 | N36: VETEK (DECLINOU) | O36: TJR | P36: SILVER WEIBULL | Q36: FERREMAQ | R36: VIBROTEC | S36: RENOVA | T36: AD SERVICE (NÃO RESPONDEU) | V36: RENOVA | W36: 564310/564311 | X36: SIM
B37: =IF($X37<>"","Finalizado",IF($O37<>"","Comprador Negociando",IF($M37>=TODAY(),"Aguardando Retorno Fornecedores","Prazo de Retorno Vencido"))) -> Finalizado | C37: =IF(B37="Finalizado","Ok",IF(IF(M37="",_xlfn.DAYS(TODAY(),J37),_xlfn.DAYS(TODAY(),M37))>1,IF(M37="",_xlfn.DAYS(TODAY(),J37),_xlfn.DAYS(TODAY(),M37))&" Dias",IF(M37="",_xlfn.DAYS(TODAY(),J37),_xlfn.DAYS(TODAY(),M37))&" Dia")) -> Ok | D37: 31 | E37: Pacote Peneira Rotativa Moenda A | F37: Média | G37: Eduardo Rogerio Maggio | H37: VIBROTEC/VIBROMAQ/EQUILIBRIO | I37: 3 | J37: 45586 | K37: 45595 | L37: =COUNTA([1]Equalizações!S38:Y38) -> 6 | M37: 45604 | N37: VIBROTEC | O37: VIBROMAQ (declinou) | P37: EQUILIBRIO | V37: VIBROTEC | W37: 564308/564309/566030 | X37: SIM
A38: OK | B38: =IF($X38<>"","Finalizado",IF($O38<>"","Comprador Negociando",IF($M38>=TODAY(),"Aguardando Retorno Fornecedores","Prazo de Retorno Vencido"))) -> Finalizado | C38: =IF(B38="Finalizado","Ok",IF(IF(M38="",_xlfn.DAYS(TODAY(),J38),_xlfn.DAYS(TODAY(),M38))>1,IF(M38="",_xlfn.DAYS(TODAY(),J38),_xlfn.DAYS(TODAY(),M38))&" Dias",IF(M38="",_xlfn.DAYS(TODAY(),J38),_xlfn.DAYS(TODAY(),M38))&" Dia")) -> Ok | D38: 48 | E38: VALVULAS CORTA CHAMAS | F38: Média | G38: Igor Marques Assis | H38: Zepponi/Tecnoval/Seal Valve | I38: 3 | J38: 45600 | K38: 45600 | L38: =COUNTA([1]Equalizações!S23:Y23) -> 3 | M38: 45600 | N38: zepponi | O38: tecnoval | P38: sealvalve | V38: Zepponi | W38: 564848 | X38: SIM
B39: =IF($X39<>"","Finalizado",IF($O39<>"","Comprador Negociando",IF($M39>=TODAY(),"Aguardando Retorno Fornecedores","Prazo de Retorno Vencido"))) -> Finalizado | C39: =IF(B39="Finalizado","Ok",IF(IF(M39="",_xlfn.DAYS(TODAY(),J39),_xlfn.DAYS(TODAY(),M39))>1,IF(M39="",_xlfn.DAYS(TODAY(),J39),_xlfn.DAYS(TODAY(),M39))&" Dias",IF(M39="",_xlfn.DAYS(TODAY(),J39),_xlfn.DAYS(TODAY(),M39))&" Dia")) -> Ok | D39: 38 | E39: TROCADORES DE CALOR | F39: Alta | G39: Janio Lopes Furtado Junior | H39: Manutrol/Agapito/Rplates/Alfa Laval | I39: 4 | J39: 45593 | K39: 45607 | L39: =COUNTA([1]Equalizações!S41:Y41) -> 3 | M39: 45639 | N39: MANUTROL | O39: Agapito | P39: Rplates | V39: MANUTROL | W39: 564894/564898 | X39: SIM
B40: =IF($X40<>"","Finalizado",IF($O40<>"","Comprador Negociando",IF($M40>=TODAY(),"Aguardando Retorno Fornecedores","Prazo de Retorno Vencido"))) -> Finalizado | C40: =IF(B40="Finalizado","Ok",IF(IF(M40="",_xlfn.DAYS(TODAY(),J40),_xlfn.DAYS(TODAY(),M40))>1,IF(M40="",_xlfn.DAYS(TODAY(),J40),_xlfn.DAYS(TODAY(),M40))&" Dias",IF(M40="",_xlfn.DAYS(TODAY(),J40),_xlfn.DAYS(TODAY(),M40))&" Dia")) -> Ok | D40: 39 | E40: MANUTENÇÃO REDUTORES | F40: Média | G40: Renan Araújo Junqueira Bueno | H40: Wortice/Macopema/ADDN/Cestari | I40: 4 | J40: 45597 | K40: 45607 | L40: =COUNTA([1]Equalizações!S42:Y42) -> 7 | M40: 45635 | N40: CESTARI | O40: MACOPEMA | P40: ADDN | Q40: Wórtice | U40: FORMULÁRIO | V40: CESTARI / MACOPEMA | W40: 565344/565347/565906/565908 | X40: SIM
A41: OK | B41: =IF($X41<>"","Finalizado",IF($O41<>"","Comprador Negociando",IF($M41>=TODAY(),"Aguardando Retorno Fornecedores","Prazo de Retorno Vencido"))) -> Comprador Negociando | C41: =IF(B41="Finalizado","Ok",IF(IF(M41="",_xlfn.DAYS(TODAY(),J41),_xlfn.DAYS(TODAY(),M41))>1,IF(M41="",_xlfn.DAYS(TODAY(),J41),_xlfn.DAYS(TODAY(),M41))&" Dias",IF(M41="",_xlfn.DAYS(TODAY(),J41),_xlfn.DAYS(TODAY(),M41))&" Dia")) -> 527 Dias | D41: 6 | E41: MANUTENÇÃO CENTRIFUGAS DE AÇÚCAR 02 | F41: Baixa | G41: Renan Araújo Junqueira Bueno | H41: Ad Service/Ferramaq/Renova TecSugar/TJR/ Vibromaq/Vibrotec | I41: 7 | J41: 45594 | K41: 45609 | L41: =COUNTA([1]Equalizações!S43:Y43) -> 5 | M41: 45635 | N41: TECSUGAR | O41: FERREMAQ | P41: RENOVA | Q41: VIBROTEC | U41: ESPERANDO PC | V41: VIBROTEC
B42: =IF($X42<>"","Finalizado",IF($O42<>"","Comprador Negociando",IF($M42>=TODAY(),"Aguardando Retorno Fornecedores","Prazo de Retorno Vencido"))) -> Comprador Negociando | C42: =IF(B42="Finalizado","Ok",IF(IF(M42="",_xlfn.DAYS(TODAY(),J42),_xlfn.DAYS(TODAY(),M42))>1,IF(M42="",_xlfn.DAYS(TODAY(),J42),_xlfn.DAYS(TODAY(),M42))&" Dias",IF(M42="",_xlfn.DAYS(TODAY(),J42),_xlfn.DAYS(TODAY(),M42))&" Dia")) -> 559 Dias | D42: 40 | E42: LOCAÇÃO PTAs | F42: Alta | G42: Eduardo Souza Cunha | H42: LOXAM/TECNOGERA/MAKFIL/TRIANGULO | I42: 4 | J42: 45603 | K42: 45616 | L42: =COUNTA([1]Equalizações!S36:Y36) -> 7 | M42: 45603 | N42: LOXAM | O42: TECNOGERA | P42: MAKFIL | Q42: TRIANGULO | V42: makfil | W42: Feito adtivo contrato atual
B43: =IF($X43<>"","Finalizado",IF($O43<>"","Comprador Negociando",IF($M43>=TODAY(),"Aguardando Retorno Fornecedores","Prazo de Retorno Vencido"))) -> Finalizado | C43: =IF(B43="Finalizado","Ok",IF(IF(M43="",_xlfn.DAYS(TODAY(),J43),_xlfn.DAYS(TODAY(),M43))>1,IF(M43="",_xlfn.DAYS(TODAY(),J43),_xlfn.DAYS(TODAY(),M43))&" Dias",IF(M43="",_xlfn.DAYS(TODAY(),J43),_xlfn.DAYS(TODAY(),M43))&" Dia")) -> Ok | D43: 42 | E43: PACOTE CALDEIRARIA SIDERURGICA CALDEIRA 02 | F43: Alta | G43: Eduardo Rogerio Maggio | H43: DAR AGRO/ZAP/NS/MFC/ GTS/BCMAIS/ GRUPOLIMA | I43: 7 | J43: 45608 | K43: 45617 | L43: =COUNTA([1]Equalizações!S44:Y44) -> 6 | M43: 45644 | N43: ZAP | O43: GAMMA (Ag.Email com Garantia) | P43: SB END | V43: SB END/GAMMA | W43: 565319/565320/565321/565322/565324/565325/565326/565327/565328/565330/565333 | X43: SIM
A44: OK | B44: =IF($X44<>"","Finalizado",IF($O44<>"","Comprador Negociando",IF($M44>=TODAY(),"Aguardando Retorno Fornecedores","Prazo de Retorno Vencido"))) -> Finalizado | C44: =IF(B44="Finalizado","Ok",IF(IF(M44="",_xlfn.DAYS(TODAY(),J44),_xlfn.DAYS(TODAY(),M44))>1,IF(M44="",_xlfn.DAYS(TODAY(),J44),_xlfn.DAYS(TODAY(),M44))&" Dias",IF(M44="",_xlfn.DAYS(TODAY(),J44),_xlfn.DAYS(TODAY(),M44))&" Dia")) -> Ok | D44: 41 | E44: Pacote Bomba Captação Água Bruta (FORMULARIO RWBB) | F44: Média | G44: Renan Araújo Junqueira Bueno | H44: RWBOMBAS/Revolts/Elibombas/Higra | I44: 4 | J44: 45604 | K44: 45618 | L44: =COUNTA([1]Equalizações!S45:Y45) -> 6 | N44: HIGRA | O44: RWBOMBAS | U44: Ag. Assinatura do Formulário pazzoto | V44: RW Bombas | W44: 564578 | X44: SIM
B45: =IF($X45<>"","Finalizado",IF($O45<>"","Comprador Negociando",IF($M45>=TODAY(),"Aguardando Retorno Fornecedores","Prazo de Retorno Vencido"))) -> Comprador Negociando | C45: =IF(B45="Finalizado","Ok",IF(IF(M45="",_xlfn.DAYS(TODAY(),J45),_xlfn.DAYS(TODAY(),M45))>1,IF(M45="",_xlfn.DAYS(TODAY(),J45),_xlfn.DAYS(TODAY(),M45))&" Dias",IF(M45="",_xlfn.DAYS(TODAY(),J45),_xlfn.DAYS(TODAY(),M45))&" Dia")) -> 484 Dias | D45: 43 | E45: PACOTE CALDEIRARIA SIDERURGICA CALDEIRA 03 | F45: Alta | G45: Eduardo Rogerio Maggio | H45: DAR AGRO/ZAP/NS/MFC/ GTS/BCMAIS/ GRUPOLIMA | I45: 7 | J45: 45608 | K45: 45618 | L45: =COUNTA([1]Equalizações!S67:Y67) -> 5 | M45: 45678 | N45: MFC | O45: ZAP | P45: DAR AGRO | U45: AG OK DA GERÊNCIA | V45: ZAP | W45: 565916
A46: OK | B46: =IF($X46<>"","Finalizado",IF($O46<>"","Comprador Negociando",IF($M46>=TODAY(),"Aguardando Retorno Fornecedores","Prazo de Retorno Vencido"))) -> Finalizado | C46: =IF(B46="Finalizado","Ok",IF(IF(M46="",_xlfn.DAYS(TODAY(),J46),_xlfn.DAYS(TODAY(),M46))>1,IF(M46="",_xlfn.DAYS(TODAY(),J46),_xlfn.DAYS(TODAY(),M46))&" Dias",IF(M46="",_xlfn.DAYS(TODAY(),J46),_xlfn.DAYS(TODAY(),M46))&" Dia")) -> Ok | D46: 44 | E46: Preventiva Inversores de Média Tensão - Moendas (in loco) | F46: Média | G46: Eduardo Henrique Silva Souza | H46: WEG/Trigger/Masterdrives/Renodrives | I46: 4 | J46: 45608 | K46: 45621 | L46: =COUNTA([1]Equalizações!S46:Y46) -> 5 | M46: 45635 | N46: Trigger | O46: RenoDrives | P46: MasterDrives | V46: TRIGGER | W46: 565124/565125 | X46: SIM
B47: =IF($X47<>"","Finalizado",IF($O47<>"","Comprador Negociando",IF($M47>=TODAY(),"Aguardando Retorno Fornecedores","Prazo de Retorno Vencido"))) -> Finalizado | C47: =IF(B47="Finalizado","Ok",IF(IF(M47="",_xlfn.DAYS(TODAY(),J47),_xlfn.DAYS(TODAY(),M47))>1,IF(M47="",_xlfn.DAYS(TODAY(),J47),_xlfn.DAYS(TODAY(),M47))&" Dias",IF(M47="",_xlfn.DAYS(TODAY(),J47),_xlfn.DAYS(TODAY(),M47))&" Dia")) -> Ok | D47: 46 | E47: PRENSA PCTS | G47: Eduardo Souza Cunha | H47: Hidrasseme/DEDINI | I47: 2 | J47: 45609 | K47: 45621 | L47: =COUNTA([1]Equalizações!S47:Y47) -> 3 | N47: DEDINE | U47: Ag. Assinatura do Formulário pazzoto | V47: DEDINE | W47: 564738 | X47: SIM
B48: =IF($X48<>"","Finalizado",IF($O48<>"","Comprador Negociando",IF($M48>=TODAY(),"Aguardando Retorno Fornecedores","Prazo de Retorno Vencido"))) -> Comprador Negociando | C48: =IF(B48="Finalizado","Ok",IF(IF(M48="",_xlfn.DAYS(TODAY(),J48),_xlfn.DAYS(TODAY(),M48))>1,IF(M48="",_xlfn.DAYS(TODAY(),J48),_xlfn.DAYS(TODAY(),M48))&" Dias",IF(M48="",_xlfn.DAYS(TODAY(),J48),_xlfn.DAYS(TODAY(),M48))&" Dia")) -> 520 Dias | D48: 47 | E48: Preventiva na Subestação 138KV | F48: Alta | G48: Eduardo Henrique Silva Souza | H48: Siner/Prosep/JVP/SOS | I48: 4 | J48: 45609 | K48: 45621 | L48: =COUNTA([1]Equalizações!S48:Y48) -> 5 | M48: 45642 | N48: SINER | O48: SOS | P48: Prosep | V48: Prosep | W48: 1127/1072/565248
B49: =IF($X49<>"","Finalizado",IF($O49<>"","Comprador Negociando",IF($M49>=TODAY(),"Aguardando Retorno Fornecedores","Prazo de Retorno Vencido"))) -> Finalizado | C49: =IF(B49="Finalizado","Ok",IF(IF(M49="",_xlfn.DAYS(TODAY(),J49),_xlfn.DAYS(TODAY(),M49))>1,IF(M49="",_xlfn.DAYS(TODAY(),J49),_xlfn.DAYS(TODAY(),M49))&" Dias",IF(M49="",_xlfn.DAYS(TODAY(),J49),_xlfn.DAYS(TODAY(),M49))&" Dia")) -> Ok | D49: 30 | E49: PACOTE LINHA DE PRESSÃO CALDEIRA 02 | F49: Alta | G49: Eduardo Rogerio Maggio | H49: MR MONTAGENS/ORCA/ MONINSC/GLM/FRS/ZAP / G. LIMA | I49: 7 | J49: 45586 | K49: 45626 | L49: =COUNTA([1]Equalizações!S40:Y40) -> 5 | M49: 45625 | N49: MONINSC | O49: ORCA (DECLINOU) | P49: frs (declinou) | Q49: Zap | R49: GRUPO LIMA | S49: MR MONTAGENS (NÃO RSP) | T49: GLM (NÃO RESPONDEU) | V49: ZAP | W49: 564839/564840/564841 | X49: SIM
A50: OK | B50: =IF($X50<>"","Finalizado",IF($O50<>"","Comprador Negociando",IF($M50>=TODAY(),"Aguardando Retorno Fornecedores","Prazo de Retorno Vencido"))) -> Finalizado | C50: =IF(B50="Finalizado","Ok",IF(IF(M50="",_xlfn.DAYS(TODAY(),J50),_xlfn.DAYS(TODAY(),M50))>1,IF(M50="",_xlfn.DAYS(TODAY(),J50),_xlfn.DAYS(TODAY(),M50))&" Dias",IF(M50="",_xlfn.DAYS(TODAY(),J50),_xlfn.DAYS(TODAY(),M50))&" Dia")) -> Ok | D50: 52 | E50: INSPEÇÃO DE IRIS CALDEIRA 01 e 02 | F50: Alta | G50: Eduardo Rogerio Maggio | H50: TMFORCE | I50: 1 | J50: 45618 | K50: 45630 | L50: =COUNTA([1]Equalizações!S39:Y39) -> 7 | M50: 45623 | N50: TMFORCE | V50: TMForce | W50: 564602/564604/564605 | X50: SIM
A51: OK | B51: =IF($X51<>"","Finalizado",IF($O51<>"","Comprador Negociando",IF($M51>=TODAY(),"Aguardando Retorno Fornecedores","Prazo de Retorno Vencido"))) -> Finalizado | C51: =IF(B51="Finalizado","Ok",IF(IF(M51="",_xlfn.DAYS(TODAY(),J51),_xlfn.DAYS(TODAY(),M51))>1,IF(M51="",_xlfn.DAYS(TODAY(),J51),_xlfn.DAYS(TODAY(),M51))&" Dias",IF(M51="",_xlfn.DAYS(TODAY(),J51),_xlfn.DAYS(TODAY(),M51))&" Dia")) -> Ok | D51: 51 | E51: PREVENTIVA INVERSOSRES BAIXA TENSÃO (in loco) | F51: Média | G51: Eduardo Henrique Silva Souza | H51: WEG/Trigger/Masterdrives/Renodrives | I51: 4 | J51: 45617 | K51: 45630 | L51: =COUNTA([1]Equalizações!S50:Y50) -> 5 | M51: 45638 | N51: MasterDrives | O51: RenoDrives | P51: WEG (DECLINOU) | V51: RENOVA | W51: 01129/565442/565443/565444/565446/565447/565449/565450 | X51: SIM
B52: =IF($X52<>"","Finalizado",IF($O52<>"","Comprador Negociando",IF($M52>=TODAY(),"Aguardando Retorno Fornecedores","Prazo de Retorno Vencido"))) -> Comprador Negociando | C52: =IF(B52="Finalizado","Ok",IF(IF(M52="",_xlfn.DAYS(TODAY(),J52),_xlfn.DAYS(TODAY(),M52))>1,IF(M52="",_xlfn.DAYS(TODAY(),J52),_xlfn.DAYS(TODAY(),M52))&" Dias",IF(M52="",_xlfn.DAYS(TODAY(),J52),_xlfn.DAYS(TODAY(),M52))&" Dia")) -> 506 Dias | D52: 50 | E52: Peritagem Motores Caldeiras | F52: Alta | G52: Eduardo Henrique Silva Souza | H52: WEG/RENODRIVES/ELETROVATTI/SOS. MAQUINAS/ECOVIS/RE-VOLTIS | I52: 6 | J52: 45617 | K52: 45630 | L52: =COUNTA([1]Equalizações!S68:Y68) -> 1 | M52: 45656 | N52: Ecovis | O52: Revoltis | P52: SOS Maquinas | Q52: WEG | U52: EDVALDO FECHA 31/01 | V52: ECOVIS | W52: 565924
B53: =IF($X53<>"","Finalizado",IF($O53<>"","Comprador Negociando",IF($M53>=TODAY(),"Aguardando Retorno Fornecedores","Prazo de Retorno Vencido"))) -> Finalizado | C53: =IF(B53="Finalizado","Ok",IF(IF(M53="",_xlfn.DAYS(TODAY(),J53),_xlfn.DAYS(TODAY(),M53))>1,IF(M53="",_xlfn.DAYS(TODAY(),J53),_xlfn.DAYS(TODAY(),M53))&" Dias",IF(M53="",_xlfn.DAYS(TODAY(),J53),_xlfn.DAYS(TODAY(),M53))&" Dia")) -> Ok | D53: 54 | E53: NR13 DA CALDEIRA | F53: Média | G53: Eduardo Rogerio Maggio | H53: Engevap/TM Force/ Proinspeção/ Perticarari / QualyService/ Doutor Caldeiras | I53: 6 | J53: 45619 | K53: 45631 | L53: =COUNTA([1]Equalizações!S51:Y51) -> 3 | N53: TMFORCE | O53: QualyService | P53: Engevap (Respondeu fora do prazo) | Q53: WELDING (Respondeu fora do prazo) | R53: Perticarari | V53: TMForce | W53: 564552/564553/564555 | X53: SIM
B54: =IF($X54<>"","Finalizado",IF($O54<>"","Comprador Negociando",IF($M54>=TODAY(),"Aguardando Retorno Fornecedores","Prazo de Retorno Vencido"))) -> Finalizado | C54: =IF(B54="Finalizado","Ok",IF(IF(M54="",_xlfn.DAYS(TODAY(),J54),_xlfn.DAYS(TODAY(),M54))>1,IF(M54="",_xlfn.DAYS(TODAY(),J54),_xlfn.DAYS(TODAY(),M54))&" Dias",IF(M54="",_xlfn.DAYS(TODAY(),J54),_xlfn.DAYS(TODAY(),M54))&" Dia")) -> Ok | D54: 57 | E54: Valvulas Água e Vapor Caldeiras | F54: Alta | G54: Eduardo Rogerio Maggio | H54: Zepponi/Visortech/Valsev/ kcal/Hidrovapor/ Seal Valve/Tecnoval/HITER/Promoen | I54: 6 | J54: 45623 | K54: 45631 | L54: =COUNTA([1]Equalizações!S53:Y53) -> 6 | M54: 45649 | N54: HIDRO Vapor | O54: ZEPPONI | P54: Tecnoval | Q54: Promoen | R54: SealValve | U54: AS VALVULAS HITER SERÃO ENVIADAS PARA A HITER. | V54: SEALVALVE | W54: 565451/565452/565453 | X54: SIM
B55: =IF($X55<>"","Finalizado",IF($O55<>"","Comprador Negociando",IF($M55>=TODAY(),"Aguardando Retorno Fornecedores","Prazo de Retorno Vencido"))) -> Finalizado | C55: =IF(B55="Finalizado","Ok",IF(IF(M55="",_xlfn.DAYS(TODAY(),J55),_xlfn.DAYS(TODAY(),M55))>1,IF(M55="",_xlfn.DAYS(TODAY(),J55),_xlfn.DAYS(TODAY(),M55))&" Dias",IF(M55="",_xlfn.DAYS(TODAY(),J55),_xlfn.DAYS(TODAY(),M55))&" Dia")) -> Ok | D55: 58 | E55: Manutenção CPC II | F55: Média | G55: Eduardo Henrique Silva Souza | H55: DRAKE-PM/ TECHNERG / MASTER ENERGY / NORMANHA | I55: 5 | J55: 45623 | K55: 45631 | L55: =COUNTA([1]Equalizações!S54:Y54) -> 7 | M55: 45638 | N55: Normanha Service | O55: Master Energy | P55: Techenerg (FORA DO PRAZO) | U55: ENVIADO COM APENAS DUAS EMPRESAS A PEDIDO CERIBELLI E PAZOTTO NA REUNIÃO DIA 12/12 | V55: NORMANHA | W55: 1074/1075/565489 | X55: SIM
B56: =IF($X56<>"","Finalizado",IF($O56<>"","Comprador Negociando",IF($M56>=TODAY(),"Aguardando Retorno Fornecedores","Prazo de Retorno Vencido"))) -> Aguardando Retorno Fornecedores | C56: =IF(B56="Finalizado","Ok",IF(IF(M56="",_xlfn.DAYS(TODAY(),J56),_xlfn.DAYS(TODAY(),M56))>1,IF(M56="",_xlfn.DAYS(TODAY(),J56),_xlfn.DAYS(TODAY(),M56))&" Dias",IF(M56="",_xlfn.DAYS(TODAY(),J56),_xlfn.DAYS(TODAY(),M56))&" Dia")) -> #VALUE! | D56: 49 | E56: PREVENTIVA MAQUINAS DE SELF (in loco) | F56: Alta | G56: Eduardo Henrique Silva Souza | H56: Jn Refrigeração/Triang/SGS/MULT | I56: 4 | J56: 45617 | K56: 45632 | L56: =COUNTA([1]Equalizações!S49:Y49) -> 2 | M56: EDVALDO REALIZOU | N56: TRIANG (DECLINOU) | U56: FECHANDO PROCESSO JURIDICO E RH (MULTI) | V56: MULTI | W56: 565921
B57: =IF($X57<>"","Finalizado",IF($O57<>"","Comprador Negociando",IF($M57>=TODAY(),"Aguardando Retorno Fornecedores","Prazo de Retorno Vencido"))) -> Finalizado | C57: =IF(B57="Finalizado","Ok",IF(IF(M57="",_xlfn.DAYS(TODAY(),J57),_xlfn.DAYS(TODAY(),M57))>1,IF(M57="",_xlfn.DAYS(TODAY(),J57),_xlfn.DAYS(TODAY(),M57))&" Dias",IF(M57="",_xlfn.DAYS(TODAY(),J57),_xlfn.DAYS(TODAY(),M57))&" Dia")) -> Ok | D57: 61 | E57: INSPEÇÃO INTERNA EXTRAÇÃO MOENDA | F57: Alta | G57: Eduardo Rogerio Maggio | H57: SB END/PRINER/SOLIEND/QUALYSERVICE/JRE INSPEÇÕES/VIBROTEC | I57: =IF('[1]Cartas Convite'!$H61<>"",LEN('[1]Cartas Convite'!$H61)-LEN(SUBSTITUTE('[1]Cartas Convite'!$H61,"/",""))+1,"") -> 6 | J57: 45630 | K57: 45637 | L57: =COUNTA([1]Equalizações!S56:Y56) -> 5 | M57: 45656 | N57: TECVIBRO (DECLINOU) | O57: SOLIEND | P57: Qualyservice | U57: SOLIEND DECLINOU APÓS FECHAMENTO - FECHOU COM SB END | V57: SB END | W57: 565933/565934 | X57: SIM
B58: =IF($X58<>"","Finalizado",IF($O58<>"","Comprador Negociando",IF($M58>=TODAY(),"Aguardando Retorno Fornecedores","Prazo de Retorno Vencido"))) -> Comprador Negociando | C58: =IF(B58="Finalizado","Ok",IF(IF(M58="",_xlfn.DAYS(TODAY(),J58),_xlfn.DAYS(TODAY(),M58))>1,IF(M58="",_xlfn.DAYS(TODAY(),J58),_xlfn.DAYS(TODAY(),M58))&" Dias",IF(M58="",_xlfn.DAYS(TODAY(),J58),_xlfn.DAYS(TODAY(),M58))&" Dia")) -> 517 Dias | D58: 62 | E58: AFERIÇÃO DOS RELÉS DE MÉDIA TENSÃO | F58: Alta | G58: Eduardo Henrique Silva Souza | H58: Siner/Prosep/JVP/SOS | I58: 4 | J58: 45631 | K58: 45637 | L58: =COUNTA([1]Equalizações!S57:Y57) -> 1 | M58: 45645 | N58: Siner | O58: Prosep | P58: JVP | Q58: SOS | V58: PROSEP | W58: 1073
A59: OK | B59: =IF($X59<>"","Finalizado",IF($O59<>"","Comprador Negociando",IF($M59>=TODAY(),"Aguardando Retorno Fornecedores","Prazo de Retorno Vencido"))) -> Finalizado | C59: =IF(B59="Finalizado","Ok",IF(IF(M59="",_xlfn.DAYS(TODAY(),J59),_xlfn.DAYS(TODAY(),M59))>1,IF(M59="",_xlfn.DAYS(TODAY(),J59),_xlfn.DAYS(TODAY(),M59))&" Dias",IF(M59="",_xlfn.DAYS(TODAY(),J59),_xlfn.DAYS(TODAY(),M59))&" Dia")) -> Ok | D59: 55 | E59: CALDEIRARIA GERAL DO PROCESSO PART 2 | F59: Alta | G59: Renan Araújo Junqueira Bueno | H59: ZAP/NS/MFC/ GRUPOLIMA/GAMMA | I59: 8 | J59: 45623 | K59: 45638 | L59: =COUNTA([1]Equalizações!S52:Y52) -> 5 | M59: 45645 | N59: GRUPOLIMA (DECLINOU) | O59: ZAP | P59: MG MONTAGEM | Q59: SBEND | R59: MFC Ag. Email | U59: Ag patricia para fazer SC sb end | V59: MG MONTAGEM/ SB END | W59: 565.313/565.314/565.315/565.316/565.317 | X59: SIM
B60: =IF($X60<>"","Finalizado",IF($O60<>"","Comprador Negociando",IF($M60>=TODAY(),"Aguardando Retorno Fornecedores","Prazo de Retorno Vencido"))) -> Prazo de Retorno Vencido | C60: =IF(B60="Finalizado","Ok",IF(IF(M60="",_xlfn.DAYS(TODAY(),J60),_xlfn.DAYS(TODAY(),M60))>1,IF(M60="",_xlfn.DAYS(TODAY(),J60),_xlfn.DAYS(TODAY(),M60))&" Dias",IF(M60="",_xlfn.DAYS(TODAY(),J60),_xlfn.DAYS(TODAY(),M60))&" Dia")) -> 533 Dias | D60: 60 | E60: CARTA TRANSPORTE DAS MOENDAS 100" | F60: Média | G60: Eduardo Rogerio Maggio | H60: Transfigueredo | I60: 1 | J60: 45629 | K60: 45639 | L60: =COUNTA([1]Equalizações!S55:Y55) -> 7 | V60: Transfigueiredo | W60: FECHADO FRETE
B61: =IF($X61<>"","Finalizado",IF($O61<>"","Comprador Negociando",IF($M61>=TODAY(),"Aguardando Retorno Fornecedores","Prazo de Retorno Vencido"))) -> Comprador Negociando | C61: =IF(B61="Finalizado","Ok",IF(IF(M61="",_xlfn.DAYS(TODAY(),J61),_xlfn.DAYS(TODAY(),M61))>1,IF(M61="",_xlfn.DAYS(TODAY(),J61),_xlfn.DAYS(TODAY(),M61))&" Dias",IF(M61="",_xlfn.DAYS(TODAY(),J61),_xlfn.DAYS(TODAY(),M61))&" Dia")) -> 499 Dias | D61: 63 | E61: MELHORIA NA REDE DA AUTOMAÇÃO | F61: Média | G61: Eduardo Henrique Silva Souza | H61: Dimensional/ADD Service/APR Power/Infoeng | I61: 4 | K61: 45639 | L61: =COUNTA([1]Equalizações!S58:Y58) -> 5 | M61: 45663 | N61: AddSolution | O61: INFOENG | V61: INFOENG | W61: 565844
A62: OK | B62: =IF($X62<>"","Finalizado",IF($O62<>"","Comprador Negociando",IF($M62>=TODAY(),"Aguardando Retorno Fornecedores","Prazo de Retorno Vencido"))) -> Comprador Negociando | C62: =IF(B62="Finalizado","Ok",IF(IF(M62="",_xlfn.DAYS(TODAY(),J62),_xlfn.DAYS(TODAY(),M62))>1,IF(M62="",_xlfn.DAYS(TODAY(),J62),_xlfn.DAYS(TODAY(),M62))&" Dias",IF(M62="",_xlfn.DAYS(TODAY(),J62),_xlfn.DAYS(TODAY(),M62))&" Dia")) -> 530 Dias | D62: 65 | E62: ESTUDO CONCEITUAL PARA APROVEITAMENTO HÍDRICO | F62: Baixo | G62: Dario Porfirio de Andrade | H62: JRB Engenharia/Empoind/Sucrana | I62: 3 | J62: 45632 | K62: 45639 | L62: =COUNTA([1]Equalizações!S76:Y76) -> 5 | N62: JBR Engenharia | O62: SUCRANA | U62: DARIO DEFINE 20/01 SE VAI SEGUIR COM 2 OU 3 EMPRESAS | V62: SUCRANA | W62: 565929
B63: =IF($X63<>"","Finalizado",IF($O63<>"","Comprador Negociando",IF($M63>=TODAY(),"Aguardando Retorno Fornecedores","Prazo de Retorno Vencido"))) -> Finalizado | C63: =IF(B63="Finalizado","Ok",IF(IF(M63="",_xlfn.DAYS(TODAY(),J63),_xlfn.DAYS(TODAY(),M63))>1,IF(M63="",_xlfn.DAYS(TODAY(),J63),_xlfn.DAYS(TODAY(),M63))&" Dias",IF(M63="",_xlfn.DAYS(TODAY(),J63),_xlfn.DAYS(TODAY(),M63))&" Dia")) -> Ok | D63: 67 | E63: MANUTENÇÃO CENTRIFUGAS DE VINHO/LEVEDURA | F63: Alta | G63: Renan Araújo Junqueira Bueno | H63: Ad Service/Centrifugas ribeirão/RA camargo | I63: 3 | J63: 45636 | K63: 45644 | L63: =COUNTA([1]Equalizações!S59:Y59) -> 6 | M63: 45649 | N63: AD SERVICE | O63: RENOVA | P63: CENTRIFUGAS RIBEIRÃO | V63: RIBEIRÃO CENTRIFUGAS | W63: 565502/565503/565504 | X63: SIM
B64: =IF($X64<>"","Finalizado",IF($O64<>"","Comprador Negociando",IF($M64>=TODAY(),"Aguardando Retorno Fornecedores","Prazo de Retorno Vencido"))) -> Finalizado | C64: =IF(B64="Finalizado","Ok",IF(IF(M64="",_xlfn.DAYS(TODAY(),J64),_xlfn.DAYS(TODAY(),M64))>1,IF(M64="",_xlfn.DAYS(TODAY(),J64),_xlfn.DAYS(TODAY(),M64))&" Dias",IF(M64="",_xlfn.DAYS(TODAY(),J64),_xlfn.DAYS(TODAY(),M64))&" Dia")) -> Ok | D64: 68 | E64: SISTEMA DE ASSEPXIA DAS DORNAS (spray ball) | F64: Alta | G64: Renan Araújo Junqueira Bueno | H64: FCS Service/Spray System/CF Soluções Industriais | I64: 3 | J64: 45637 | K64: 45644 | L64: =COUNTA([1]Equalizações!S60:Y60) -> 4 | M64: OK, E-MAIL EDVALDO | N64: FCS SERVICE | V64: FCS | W64: 565494/565495/565496 | X64: SIM
B65: =IF($X65<>"","Finalizado",IF($O65<>"","Comprador Negociando",IF($M65>=TODAY(),"Aguardando Retorno Fornecedores","Prazo de Retorno Vencido"))) -> Finalizado | C65: =IF(B65="Finalizado","Ok",IF(IF(M65="",_xlfn.DAYS(TODAY(),J65),_xlfn.DAYS(TODAY(),M65))>1,IF(M65="",_xlfn.DAYS(TODAY(),J65),_xlfn.DAYS(TODAY(),M65))&" Dias",IF(M65="",_xlfn.DAYS(TODAY(),J65),_xlfn.DAYS(TODAY(),M65))&" Dia")) -> Ok | D65: 69 | E65: PACOTE MÃO DE OBRA INSTRUMENTAÇÃO | F65: Alta | G65: Eduardo Henrique Silva Souza | H65: Eletrokal/Fertron/Prosep | I65: 3 | J65: 45639 | K65: 45644 | L65: =COUNTA([1]Equalizações!S61:Y61) -> 5 | M65: EDVALDO REALIZOU | N65: ELETROKAL | O65: FERTRON | P65: PROSEP | Q65: VALE DO NIQUEL | V65: ELETROKAL | W65: 565543/565544/565545/1077/565546/565547/565548/565549/565550/565551/565552 | X65: SIM
A66: OK | B66: =IF($X66<>"","Finalizado",IF($O66<>"","Comprador Negociando",IF($M66>=TODAY(),"Aguardando Retorno Fornecedores","Prazo de Retorno Vencido"))) -> Prazo de Retorno Vencido | C66: =IF(B66="Finalizado","Ok",IF(IF(M66="",_xlfn.DAYS(TODAY(),J66),_xlfn.DAYS(TODAY(),M66))>1,IF(M66="",_xlfn.DAYS(TODAY(),J66),_xlfn.DAYS(TODAY(),M66))&" Dias",IF(M66="",_xlfn.DAYS(TODAY(),J66),_xlfn.DAYS(TODAY(),M66))&" Dia")) -> 497 Dias | D66: 72 | E66: PACOTE MÃO DE OBRA ELÉTRICA | F66: Alta | G66: Eduardo Henrique Silva Souza | H66: Eletrokal/Fertron/Prosep | I66: =IF('[1]Cartas Convite'!$H71<>"",LEN('[1]Cartas Convite'!$H71)-LEN(SUBSTITUTE('[1]Cartas Convite'!$H71,"/",""))+1,"") -> 2 | J66: 45646 | K66: 45651 | L66: =COUNTA([1]Equalizações!S64:Y64) -> 6 | M66: 45665 | V66: ELETROKAL | W66: CONTRATO POR MEDIÇÃO ELETROKAL
B67: =IF($X67<>"","Finalizado",IF($O67<>"","Comprador Negociando",IF($M67>=TODAY(),"Aguardando Retorno Fornecedores","Prazo de Retorno Vencido"))) -> Finalizado | C67: =IF(B67="Finalizado","Ok",IF(IF(M67="",_xlfn.DAYS(TODAY(),J67),_xlfn.DAYS(TODAY(),M67))>1,IF(M67="",_xlfn.DAYS(TODAY(),J67),_xlfn.DAYS(TODAY(),M67))&" Dias",IF(M67="",_xlfn.DAYS(TODAY(),J67),_xlfn.DAYS(TODAY(),M67))&" Dia")) -> Ok | D67: 71 | E67: INVERSORES DE BAIXA TENSÃO CENTRIFUGA DE AÇÚCAR (in loco) | F67: Alta | G67: Eduardo Henrique Silva Souza | H67: WEG/Trigger/Masterdrives/REVOLTECH/MX DRIVE/TECNOLIFE | I67: 7 | J67: 45645 | K67: 45653 | L67: =COUNTA([1]Equalizações!S63:Y63) -> 6 | M67: 45659 | N67: RenoDrives | O67: Fastdrive | P67: TRIGGER | V67: RENODRIVES | W67: 565613/565615/565616/565617/565618/565619/565620/565621/565622/565623 | X67: SIM
B68: =IF($X68<>"","Finalizado",IF($O68<>"","Comprador Negociando",IF($M68>=TODAY(),"Aguardando Retorno Fornecedores","Prazo de Retorno Vencido"))) -> Finalizado | C68: =IF(B68="Finalizado","Ok",IF(IF(M68="",_xlfn.DAYS(TODAY(),J68),_xlfn.DAYS(TODAY(),M68))>1,IF(M68="",_xlfn.DAYS(TODAY(),J68),_xlfn.DAYS(TODAY(),M68))&" Dias",IF(M68="",_xlfn.DAYS(TODAY(),J68),_xlfn.DAYS(TODAY(),M68))&" Dia")) -> Ok | D68: 73 | E68: PACOTE REVESTIMENTO DE POLIURETANO | F68: Alta | G68: Renan Araújo Junqueira Bueno | H68: Riberman/PlantRubber/Ruber Good | I68: 3 | J68: 45649 | K68: 45656 | L68: =COUNTA([1]Equalizações!S65:Y65) -> 5 | M68: 45663 | N68: Riberman | O68: Rubbergood (DECLINOU) | P68: PlantRubber (Ag. Email) | V68: PLANT RUBBER | W68: 565754/565756/565757/565758/565789/565760/565761/565762 | X68: SIM
B69: =IF($X69<>"","Finalizado",IF($O69<>"","Comprador Negociando",IF($M69>=TODAY(),"Aguardando Retorno Fornecedores","Prazo de Retorno Vencido"))) -> Finalizado | C69: =IF(B69="Finalizado","Ok",IF(IF(M69="",_xlfn.DAYS(TODAY(),J69),_xlfn.DAYS(TODAY(),M69))>1,IF(M69="",_xlfn.DAYS(TODAY(),J69),_xlfn.DAYS(TODAY(),M69))&" Dias",IF(M69="",_xlfn.DAYS(TODAY(),J69),_xlfn.DAYS(TODAY(),M69))&" Dia")) -> Ok | D69: 16.10 | E69: ADITIVO LINHA DE PRESSÃO DA CALDEIRA 01 | F69: Alta | G69: Eduardo Rogerio Maggio | H69: ORCA | I69: 1 | J69: 45653 | K69: 45660 | L69: =COUNTA([1]Equalizações!S21:Y21) -> 7 | M69: 45659 | N69: ORCA | V69: ORCA | W69: 565926 | X69: SIM
B70: =IF($X70<>"","Finalizado",IF($O70<>"","Comprador Negociando",IF($M70>=TODAY(),"Aguardando Retorno Fornecedores","Prazo de Retorno Vencido"))) -> Finalizado | C70: =IF(B70="Finalizado","Ok",IF(IF(M70="",_xlfn.DAYS(TODAY(),J70),_xlfn.DAYS(TODAY(),M70))>1,IF(M70="",_xlfn.DAYS(TODAY(),J70),_xlfn.DAYS(TODAY(),M70))&" Dias",IF(M70="",_xlfn.DAYS(TODAY(),J70),_xlfn.DAYS(TODAY(),M70))&" Dia")) -> Ok | D70: 20.10 | E70: ADITIVO CALDEIRARIA SIDERURGICA CALDEIRA 01 | F70: Alta | G70: Eduardo Rogerio Maggio | H70: DAR AGRO | I70: 1 | J70: 45653 | K70: 45660 | L70: =COUNTA([1]Equalizações!S28:Y28) -> 7 | M70: 45659 | N70: DAR AGRO | V70: DAR AGRO | W70: 565554 | X70: SIM
B71: =IF($X71<>"","Finalizado",IF($O71<>"","Comprador Negociando",IF($M71>=TODAY(),"Aguardando Retorno Fornecedores","Prazo de Retorno Vencido"))) -> Comprador Negociando | C71: =IF(B71="Finalizado","Ok",IF(IF(M71="",_xlfn.DAYS(TODAY(),J71),_xlfn.DAYS(TODAY(),M71))>1,IF(M71="",_xlfn.DAYS(TODAY(),J71),_xlfn.DAYS(TODAY(),M71))&" Dias",IF(M71="",_xlfn.DAYS(TODAY(),J71),_xlfn.DAYS(TODAY(),M71))&" Dia")) -> 498 Dias | D71: 70 | E71: TROCA DE COLETOR DE ECONOMIZADOR DA CALDEIRA 03 | F71: Alta | G71: Eduardo Rogerio Maggio | H71: ORCA/ZAP/MR MONTAGEM/ENGMIL | I71: 4 | J71: 45643 | K71: 45665 | L71: =COUNTA([1]Equalizações!S62:Y62) -> 3 | M71: 45664 | N71: ORCA | O71: ZAP | P71: ENGMIL | Q71: MR MONTAGENS | V71: MR MONTAGENS | W71: 565948
B72: =IF($X72<>"","Finalizado",IF($O72<>"","Comprador Negociando",IF($M72>=TODAY(),"Aguardando Retorno Fornecedores","Prazo de Retorno Vencido"))) -> Prazo de Retorno Vencido | C72: =IF(B72="Finalizado","Ok",IF(IF(M72="",_xlfn.DAYS(TODAY(),J72),_xlfn.DAYS(TODAY(),M72))>1,IF(M72="",_xlfn.DAYS(TODAY(),J72),_xlfn.DAYS(TODAY(),M72))&" Dias",IF(M72="",_xlfn.DAYS(TODAY(),J72),_xlfn.DAYS(TODAY(),M72))&" Dia")) -> 488 Dias | D72: 74 | E72: ALVENARIA E REFRATARIA DAS CALDEIRAS | F72: Alta | G72: Eduardo Rogerio Maggio | H72: Tesla Energy/Refracal/CMPC | I72: 2 | J72: 45659 | K72: 45665 | L72: =COUNTA([1]Equalizações!S69:Y69) -> 5 | M72: 45674 | N72: Tesla Energy | V72: TESLA | W72: 565973
A73: OK | B73: =IF($X73<>"","Finalizado",IF($O73<>"","Comprador Negociando",IF($M73>=TODAY(),"Aguardando Retorno Fornecedores","Prazo de Retorno Vencido"))) -> Aguardando Retorno Fornecedores | C73: =IF(B73="Finalizado","Ok",IF(IF(M73="",_xlfn.DAYS(TODAY(),J73),_xlfn.DAYS(TODAY(),M73))>1,IF(M73="",_xlfn.DAYS(TODAY(),J73),_xlfn.DAYS(TODAY(),M73))&" Dias",IF(M73="",_xlfn.DAYS(TODAY(),J73),_xlfn.DAYS(TODAY(),M73))&" Dia")) -> #VALUE! | D73: 75 | E73: REVESTIMENTO DE BOMBAS | F73: Média | G73: Renan Araújo Junqueira Bueno | H73: Quimatic/Armo do Brasil/Triad Flow | I73: 3 | J73: 45660 | K73: 45665 | L73: =COUNTA([1]Equalizações!S71:Y71) -> 3 | M73: EDVALDO REALIZOU | U73: GERANDO PEDIDO PARA TRIAD FLOW até 20/01 | V73: TRAID FLOW | W73: 565974
B74: =IF($X74<>"","Finalizado",IF($O74<>"","Comprador Negociando",IF($M74>=TODAY(),"Aguardando Retorno Fornecedores","Prazo de Retorno Vencido"))) -> Prazo de Retorno Vencido | C74: =IF(B74="Finalizado","Ok",IF(IF(M74="",_xlfn.DAYS(TODAY(),J74),_xlfn.DAYS(TODAY(),M74))>1,IF(M74="",_xlfn.DAYS(TODAY(),J74),_xlfn.DAYS(TODAY(),M74))&" Dias",IF(M74="",_xlfn.DAYS(TODAY(),J74),_xlfn.DAYS(TODAY(),M74))&" Dia")) -> 502 Dias | D74: 76 | E74: JATEAMENTO E PINTURA DE 12 PENEIRAS DE CALDO | F74: Média | G74: Renan Araújo Junqueira Bueno | H74: Jato Santa Luzia/RENOVA CORES | I74: 2 | J74: 45660 | K74: 45670 | L74: =COUNTA([1]Equalizações!S66:Y66) -> 2 | U74: janio passou email e formulario fazer solicitação | V74: JATO SANTA LUZIA | W74: 565830/565831/565832/565833/565834/565835/565836/565837/565838/565839/565840/565841
B75: =IF($X75<>"","Finalizado",IF($O75<>"","Comprador Negociando",IF($M75>=TODAY(),"Aguardando Retorno Fornecedores","Prazo de Retorno Vencido"))) -> Aguardando Retorno Fornecedores | C75: =IF(B75="Finalizado","Ok",IF(IF(M75="",_xlfn.DAYS(TODAY(),J75),_xlfn.DAYS(TODAY(),M75))>1,IF(M75="",_xlfn.DAYS(TODAY(),J75),_xlfn.DAYS(TODAY(),M75))&" Dias",IF(M75="",_xlfn.DAYS(TODAY(),J75),_xlfn.DAYS(TODAY(),M75))&" Dia")) -> #VALUE! | D75: 77 | E75: MANUTENÇÃO DE CILINDROS HIDRÁULICOS | F75: Média | G75: Fabio Cordeiro Nunes | H75: Veda Rio | I75: 1 | J75: 45667 | K75: 45674 | L75: =COUNTA([1]Equalizações!S72:Y72) -> 1 | M75: EDVALDO REALIZOU | U75: AG VALIDAÇÃO TÉCNICA DO FABIO | V75: VEDARIO | W75: 565975
B76: =IF($X76<>"","Finalizado",IF($O76<>"","Comprador Negociando",IF($M76>=TODAY(),"Aguardando Retorno Fornecedores","Prazo de Retorno Vencido"))) -> Comprador Negociando | C76: =IF(B76="Finalizado","Ok",IF(IF(M76="",_xlfn.DAYS(TODAY(),J76),_xlfn.DAYS(TODAY(),M76))>1,IF(M76="",_xlfn.DAYS(TODAY(),J76),_xlfn.DAYS(TODAY(),M76))&" Dias",IF(M76="",_xlfn.DAYS(TODAY(),J76),_xlfn.DAYS(TODAY(),M76))&" Dia")) -> #VALUE! | D76: 79 | E76: Laudo de SPDA e Aterramento | F76: Média | G76: Eduardo Henrique Silva Souza | H76: RBS/PROSEP/FERTRON/ENGND/NEK NEW/VS SERVICE/EVL | I76: 7 | J76: 45670 | K76: 45674 | L76: =COUNTA([1]Equalizações!S74:Y74) -> 2 | M76: EDVALDO REALIZOU | N76: ENGND | O76: FERTRON | P76: MONT SERVC | U76: AG SOUZA EQUALIZAR 2 NOVAS PROPOSTAS | W76: 566135
B77: =IF($X77<>"","Finalizado",IF($O77<>"","Comprador Negociando",IF($M77>=TODAY(),"Aguardando Retorno Fornecedores","Prazo de Retorno Vencido"))) -> Prazo de Retorno Vencido | C77: =IF(B77="Finalizado","Ok",IF(IF(M77="",_xlfn.DAYS(TODAY(),J77),_xlfn.DAYS(TODAY(),M77))>1,IF(M77="",_xlfn.DAYS(TODAY(),J77),_xlfn.DAYS(TODAY(),M77))&" Dias",IF(M77="",_xlfn.DAYS(TODAY(),J77),_xlfn.DAYS(TODAY(),M77))&" Dia")) -> 485 Dias | D77: 78 | E77: Vulcanização das Esteiras de Borrachas - RV01 | F77: Média | G77: Renan Araújo Junqueira Bueno | H77: Vulcatec/Ribeirão Correias/Vulcan-sert | I77: 3 | J77: 45677 | K77: 45679 | L77: =COUNTA([1]Equalizações!S70:Y70) -> 6 | U77: AG PROPOSTAS | V77: RIBEIRÃO CORREIAS | W77: 566086
B78: =IF($X78<>"","Finalizado",IF($O78<>"","Comprador Negociando",IF($M78>=TODAY(),"Aguardando Retorno Fornecedores","Prazo de Retorno Vencido"))) -> Prazo de Retorno Vencido | C78: =IF(B78="Finalizado","Ok",IF(IF(M78="",_xlfn.DAYS(TODAY(),J78),_xlfn.DAYS(TODAY(),M78))>1,IF(M78="",_xlfn.DAYS(TODAY(),J78),_xlfn.DAYS(TODAY(),M78))&" Dias",IF(M78="",_xlfn.DAYS(TODAY(),J78),_xlfn.DAYS(TODAY(),M78))&" Dia")) -> 474 Dias | D78: 80 | E78: PACOTE ELETRICA E INSTRUMENTAÇÃO TORRE DO MOSTRO | F78: Média | G78: Eduardo Henrique Silva Souza | H78: PROSEP/FERTRON/ELETROKAL/GSE | I78: 4 | J78: 45688 | K78: 45701 | L78: =COUNTA([1]Equalizações!S77:Y77) -> 0 | U78: PROJETOS GEARAR SC
B79: =IF($X79<>"","Finalizado",IF($O79<>"","Comprador Negociando",IF($M79>=TODAY(),"Aguardando Retorno Fornecedores","Prazo de Retorno Vencido"))) -> Prazo de Retorno Vencido | C79: =IF(B79="Finalizado","Ok",IF(IF(M79="",_xlfn.DAYS(TODAY(),J79),_xlfn.DAYS(TODAY(),M79))>1,IF(M79="",_xlfn.DAYS(TODAY(),J79),_xlfn.DAYS(TODAY(),M79))&" Dias",IF(M79="",_xlfn.DAYS(TODAY(),J79),_xlfn.DAYS(TODAY(),M79))&" Dia")) -> 461 Dias | E79: MANUTENÇÃO EM COMPRESSORES DE AR COMPRIMIDO | F79: Alta | G79: Eduardo Henrique Silva Souza | J79: 45701 | K79: 45708 | L79: =COUNTA([1]Equalizações!S78:Y78) -> 3 | V79: Compressores Brasil | W79: 566870/566871
B80: =IF($X80<>"","Finalizado",IF($O80<>"","Comprador Negociando",IF($M80>=TODAY(),"Aguardando Retorno Fornecedores","Prazo de Retorno Vencido"))) -> Comprador Negociando | C80: =IF(B80="Finalizado","Ok",IF(IF(M80="",_xlfn.DAYS(TODAY(),J80),_xlfn.DAYS(TODAY(),M80))>1,IF(M80="",_xlfn.DAYS(TODAY(),J80),_xlfn.DAYS(TODAY(),M80))&" Dias",IF(M80="",_xlfn.DAYS(TODAY(),J80),_xlfn.DAYS(TODAY(),M80))&" Dia")) -> 509 Dias | D80: 66 | E80: ISOLAMENTO DAS TURBINAS A VAPOR | F80: Média | G80: Eduardo Henrique Silva Souza | H80: SB Isolamentos/SDF/JF Isolamentos | I80: 3 | J80: 45636 | K80: 45714 | L80: =COUNTA([1]Equalizações!S79:Y79) -> 1 | M80: 45653 | N80: SDF | O80: SB ISOLAMENTOS | P80: JM FARIAS | W80: 1091
B81: =IF($X81<>"","Finalizado",IF($O81<>"","Comprador Negociando",IF($M81>=TODAY(),"Aguardando Retorno Fornecedores","Prazo de Retorno Vencido"))) -> Prazo de Retorno Vencido | C81: Projetos | D81: PROJETOS | E81: INTERLIGAÇÃO DO MOSTO | F81: Média | G81: Leandro Camilo | U81: AG APROVAÇÃO TÉCNICA CAMILO | V81: SMI | W81: -
B82: =IF($X82<>"","Finalizado",IF($O82<>"","Comprador Negociando",IF($M82>=TODAY(),"Aguardando Retorno Fornecedores","Prazo de Retorno Vencido"))) -> Prazo de Retorno Vencido | C82: =IF(B82="Finalizado","Ok",IF(IF(M82="",_xlfn.DAYS(TODAY(),J82),_xlfn.DAYS(TODAY(),M82))>1,IF(M82="",_xlfn.DAYS(TODAY(),J82),_xlfn.DAYS(TODAY(),M82))&" Dias",IF(M82="",_xlfn.DAYS(TODAY(),J82),_xlfn.DAYS(TODAY(),M82))&" Dia")) -> 485 Dias | D82: PROJETOS | E82: CARTA CONVITE DA SULFITAÇÃO | F82: Média | G82: Leandro Camilo | H82: NS/ZAP/DAR AGRO/GAMMA | I82: 4 | J82: 45677 | U82: AG PROPOSTAS (APENAS GAMMA ENVIOU) | V82: DAR AGRO | W82: 566214

Sheet AUX
B3: PLANTA
B4: AUTOMAÇÃO | D4: Responsável
B5: CALDEIRA 01 | D5: Eduardo Henrique Silva Souza
B6: CALDEIRA 02 | D6: Eduardo Souza Cunha
B7: CALDEIRA 03 | D7: Fabio Nunes
B8: CALDEIRARIA | D8: Janio Junior Lopes
B9: CALDEIRAS | D9: Rodrigo Zavatti
B10: CAPTAÇÃO | D10: Thâmara Ceballos
B11: DESTILÁRIA | D11: Bruno Campos
B12: ETA | D12: Leonardo Teixeira
B13: FAB. AÇÚCAR
B14: FABRICA/ARMAZEM
B15: FERMENTAÇÃO
B16: FERMENTAÇÃO/DESTILARIA
B17: GER. ENERGIA
B18: GERAL
B19: INSTRUMENTAÇÃO
B20: LEVEDURA
B21: MECÂNICA
B22: METROLOGIA
B23: MOENDA A
B24: MOENDA B
... B31: VINHAÇA

Sheet Planilha1
